TxHash,BlockNumber,UnixTimestamp,FromAddress,ToAddress,TokenContractAddress,Type,TokenDecimals,TokenSymbol,TokensTransferred,TransactionFee,Status,ErrCode
0x009dcc1ab502519ac88c7ac2036001c759d944f445ff0f53aa016efc74a7df83,39040116,2026-04-25 23:59:09.000000Z,0x3C3380cdFb94dFEEaA41cAD9F58254AE380d752D,0xb365abd412744637AFba53FDf30De8DE875F6eBf,0x3600000000000000000000000000000000000000,IN,6,USDC,20000000,462002217600000,ok,
0xa512de29d05935d73c688ec66e5fcb89c7bcaa2a98db34b3203c3bb43026709f,39048133,2026-04-26 01:07:02.000000Z,0xB4a7e0F7513D460CA3e42d0C596DBb25992034D3,0xb365abd412744637AFba53FDf30De8DE875F6eBf,0x3600000000000000000000000000000000000000,IN,6,USDC,2000,1905871435160000,ok,
0x3a609a437ecabd07819a2d72f2e490be578bf3baf4336ad23672f26e51a70298,39048137,2026-04-26 01:07:04.000000Z,0xB4a7e0F7513D460CA3e42d0C596DBb25992034D3,0xb365abd412744637AFba53FDf30De8DE875F6eBf,0x3600000000000000000000000000000000000000,IN,6,USDC,2000,1906031436120000,ok,
0x7c0b97b00b04dc8215f6e98887957d9643eefa38e6e9eaed4e7d6eb35d0f60c1,39048147,2026-04-26 01:07:09.000000Z,0xB4a7e0F7513D460CA3e42d0C596DBb25992034D3,0xb365abd412744637AFba53FDf30De8DE875F6eBf,0x3600000000000000000000000000000000000000,IN,6,USDC,2000,1905871435160000,ok,
0xa4be26edf6df95068076c78f8286c82059cd06ee03daaa27f4cd424044725d8f,39048149,2026-04-26 01:07:10.000000Z,0xB4a7e0F7513D460CA3e42d0C596DBb25992034D3,0xb365abd412744637AFba53FDf30De8DE875F6eBf,0x3600000000000000000000000000000000000000,IN,6,USDC,2000,1906031436120000,ok,
0x50e830aa7cea08370fd00db026979aab837e8cf8e78400e48919afc285741b2c,39048152,2026-04-26 01:07:11.000000Z,0xB4a7e0F7513D460CA3e42d0C596DBb25992034D3,0xb365abd412744637AFba53FDf30De8DE875F6eBf,0x3600000000000000000000000000000000000000,IN,6,USDC,3000,1905871435160000,ok,
0x18704b4b617d4bcc90ee264e601e1e6527f77499fd6a43a866744eaee3794401,39048161,2026-04-26 01:07:16.000000Z,0xB4a7e0F7513D460CA3e42d0C596DBb25992034D3,0xb365abd412744637AFba53FDf30De8DE875F6eBf,0x3600000000000000000000000000000000000000,IN,6,USDC,2000,1906271437560000,ok,
0xba72e1aeb128538d8ea9f6030979cf3c6fbfcdcd5ae2473563619400750a8dad,39048163,2026-04-26 01:07:17.000000Z,0xB4a7e0F7513D460CA3e42d0C596DBb25992034D3,0xb365abd412744637AFba53FDf30De8DE875F6eBf,0x3600000000000000000000000000000000000000,IN,6,USDC,2000,1905151430840000,ok,
0xa812596d583b9f83e8f54a87e7499f8748e86094b5073553d719ffd8f5b7110a,39048166,2026-04-26 01:07:19.000000Z,0xB4a7e0F7513D460CA3e42d0C596DBb25992034D3,0xb365abd412744637AFba53FDf30De8DE875F6eBf,0x3600000000000000000000000000000000000000,IN,6,USDC,3000,1906031436120000,ok,
0xcdefdd5abc80f09596a6668150dbb2592386b57805f3c07f6ab1eabec51a1b6c,39048169,2026-04-26 01:07:20.000000Z,0xB4a7e0F7513D460CA3e42d0C596DBb25992034D3,0xb365abd412744637AFba53FDf30De8DE875F6eBf,0x3600000000000000000000000000000000000000,IN,6,USDC,1000,1905631433720000,ok,
0x8de243ed88d74a86ba7ff5db7c92bd9902745f958b952ace2e08b8e0f8692270,39048179,2026-04-26 01:07:25.000000Z,0xB4a7e0F7513D460CA3e42d0C596DBb25992034D3,0xb365abd412744637AFba53FDf30De8DE875F6eBf,0x3600000000000000000000000000000000000000,IN,6,USDC,2000,1905871435160000,ok,
0x9438dbb7647943c99f03c5361fc2eceb6a29cde8d274363ea2b9fcf6f013c670,39048182,2026-04-26 01:07:27.000000Z,0xB4a7e0F7513D460CA3e42d0C596DBb25992034D3,0xb365abd412744637AFba53FDf30De8DE875F6eBf,0x3600000000000000000000000000000000000000,IN,6,USDC,2000,1905871435160000,ok,
0x679859fb5d6076c47291f0edef483d381d175dfdc6ca01986392a53fb77508be,39048184,2026-04-26 01:07:28.000000Z,0xB4a7e0F7513D460CA3e42d0C596DBb25992034D3,0xb365abd412744637AFba53FDf30De8DE875F6eBf,0x3600000000000000000000000000000000000000,IN,6,USDC,3000,1905871435160000,ok,
0x6267f335eafe9d624c8d82b592527f60f5aae08ad8c10caeb8df71ee5d0acaee,39048194,2026-04-26 01:07:33.000000Z,0xB4a7e0F7513D460CA3e42d0C596DBb25992034D3,0xb365abd412744637AFba53FDf30De8DE875F6eBf,0x3600000000000000000000000000000000000000,IN,6,USDC,2000,1905631433720000,ok,
0x1465d3ef6c54c2c44f2e63e28110f83d6002cde4141e9f5d517f8ff214fd65bc,39048197,2026-04-26 01:07:34.000000Z,0xB4a7e0F7513D460CA3e42d0C596DBb25992034D3,0xb365abd412744637AFba53FDf30De8DE875F6eBf,0x3600000000000000000000000000000000000000,IN,6,USDC,2000,1905871435160000,ok,
0x5fb06b0b83e77b7e7b0939878a33591ffeb586e34afa2f6423f429c3df125ff6,39048200,2026-04-26 01:07:36.000000Z,0xB4a7e0F7513D460CA3e42d0C596DBb25992034D3,0xb365abd412744637AFba53FDf30De8DE875F6eBf,0x3600000000000000000000000000000000000000,IN,6,USDC,3000,1905551433240000,ok,
0x2d1f1790775c49691ffc093cffa077fbc92a96674ecca5390c8bf9308442f14b,39048203,2026-04-26 01:07:37.000000Z,0xB4a7e0F7513D460CA3e42d0C596DBb25992034D3,0xb365abd412744637AFba53FDf30De8DE875F6eBf,0x3600000000000000000000000000000000000000,IN,6,USDC,5000,1906031436120000,ok,
0x696ad39135888d6226d380149fc11b7cd3fecadc528e03829127e50bb71a11b1,39048206,2026-04-26 01:07:39.000000Z,0xB4a7e0F7513D460CA3e42d0C596DBb25992034D3,0xb365abd412744637AFba53FDf30De8DE875F6eBf,0x3600000000000000000000000000000000000000,IN,6,USDC,5000,1905871435160000,ok,
0xa37760bd9f05a8144b848c80e5391bf377cfb58d5d102f6d0693878e79f5e058,39048217,2026-04-26 01:07:44.000000Z,0xB4a7e0F7513D460CA3e42d0C596DBb25992034D3,0xb365abd412744637AFba53FDf30De8DE875F6eBf,0x3600000000000000000000000000000000000000,IN,6,USDC,2000,1906271437560000,ok,
0x412d053102043c86bf55fb018218a1d50573bb635e5d2be5f9f3bb840e01b64d,39048219,2026-04-26 01:07:45.000000Z,0xB4a7e0F7513D460CA3e42d0C596DBb25992034D3,0xb365abd412744637AFba53FDf30De8DE875F6eBf,0x3600000000000000000000000000000000000000,IN,6,USDC,2000,1905871435160000,ok,
0x10606fa0de1fc50e58e0091fa82398657ffc77138aafc2ee4d21de054262a240,39048222,2026-04-26 01:07:47.000000Z,0xB4a7e0F7513D460CA3e42d0C596DBb25992034D3,0xb365abd412744637AFba53FDf30De8DE875F6eBf,0x3600000000000000000000000000000000000000,IN,6,USDC,3000,1905631433720000,ok,
0x3d8aab21e2039fa8a8582610d548f7dc52adfa04eef082eca593196d131444b7,39048226,2026-04-26 01:07:49.000000Z,0xB4a7e0F7513D460CA3e42d0C596DBb25992034D3,0xb365abd412744637AFba53FDf30De8DE875F6eBf,0x3600000000000000000000000000000000000000,IN,6,USDC,1000,1906031436120000,ok,
0x93ae9010d94e02ec3ad2665f40fc4bf366e99c58e983c092ee6e0fe73c871d97,39048230,2026-04-26 01:07:51.000000Z,0xB4a7e0F7513D460CA3e42d0C596DBb25992034D3,0xb365abd412744637AFba53FDf30De8DE875F6eBf,0x3600000000000000000000000000000000000000,IN,6,USDC,2000,1905631433720000,ok,
0xd23c2d3abd4ef491b3a117d69692be27f6e3c67c020a86fdc5ca9c6d5d8b76bb,39048233,2026-04-26 01:07:52.000000Z,0xB4a7e0F7513D460CA3e42d0C596DBb25992034D3,0xb365abd412744637AFba53FDf30De8DE875F6eBf,0x3600000000000000000000000000000000000000,IN,6,USDC,2000,1905871435160000,ok,
0xfb862f74bb91717f4260c7cbc08192dd2027c126dd45647e8a9cf6b80a348d67,39048238,2026-04-26 01:07:55.000000Z,0xB4a7e0F7513D460CA3e42d0C596DBb25992034D3,0xb365abd412744637AFba53FDf30De8DE875F6eBf,0x3600000000000000000000000000000000000000,IN,6,USDC,2000,1906271437560000,ok,
0x1314c1c7e0c1fb4d2e57585aa7382a466c1d00f9197d0e292b32d776ad9cbeef,39048241,2026-04-26 01:07:57.000000Z,0xB4a7e0F7513D460CA3e42d0C596DBb25992034D3,0xb365abd412744637AFba53FDf30De8DE875F6eBf,0x3600000000000000000000000000000000000000,IN,6,USDC,2000,1905871435160000,ok,
0xe2b7ab8b6fb7405cdc3edaab39d4a5a789a205f25c85ff0e35f2c766f7759bbc,39048244,2026-04-26 01:07:58.000000Z,0xB4a7e0F7513D460CA3e42d0C596DBb25992034D3,0xb365abd412744637AFba53FDf30De8DE875F6eBf,0x3600000000000000000000000000000000000000,IN,6,USDC,2000,1905631433720000,ok,
0xb2c5969966e1834da8269b627fb3a10889fcc8e0c83799863e13afc431b918d9,39048248,2026-04-26 01:08:00.000000Z,0xB4a7e0F7513D460CA3e42d0C596DBb25992034D3,0xb365abd412744637AFba53FDf30De8DE875F6eBf,0x3600000000000000000000000000000000000000,IN,6,USDC,3000,1905871435160000,ok,
0xdc4953098481bcddc88606f65f677b67f3c146416336d3f98f54dca0613821e3,39048250,2026-04-26 01:08:01.000000Z,0xB4a7e0F7513D460CA3e42d0C596DBb25992034D3,0xb365abd412744637AFba53FDf30De8DE875F6eBf,0x3600000000000000000000000000000000000000,IN,6,USDC,2000,1906031436120000,ok,
0xa7b08c771f2adc5e882743095705790c95ce700e33e94b006b2642a4a1d4fee8,39048253,2026-04-26 01:08:03.000000Z,0xB4a7e0F7513D460CA3e42d0C596DBb25992034D3,0xb365abd412744637AFba53FDf30De8DE875F6eBf,0x3600000000000000000000000000000000000000,IN,6,USDC,7000,1906031436120000,ok,
0x13ff9cd1575fb1c481cfe4f9ec6fa2990316b745ee37532b236dda5d1c593224,39048257,2026-04-26 01:08:05.000000Z,0xB4a7e0F7513D460CA3e42d0C596DBb25992034D3,0xb365abd412744637AFba53FDf30De8DE875F6eBf,0x3600000000000000000000000000000000000000,IN,6,USDC,3000,1905871435160000,ok,
0x81ad016425d11f984cb6adfb4c796801d03c4e39bf9d5d497f681bd5c252a088,39048266,2026-04-26 01:08:09.000000Z,0xB4a7e0F7513D460CA3e42d0C596DBb25992034D3,0xb365abd412744637AFba53FDf30De8DE875F6eBf,0x3600000000000000000000000000000000000000,IN,6,USDC,2000,1905631433720000,ok,
0xc0d49131f7ae58cd13ec85d639c80d838567bc0e6b9bf359d829e63f89099b68,39048268,2026-04-26 01:08:11.000000Z,0xB4a7e0F7513D460CA3e42d0C596DBb25992034D3,0xb365abd412744637AFba53FDf30De8DE875F6eBf,0x3600000000000000000000000000000000000000,IN,6,USDC,2000,1905871435160000,ok,
0x224d58391df8e3a8a24a4acc52c5eb4e7814b5cf0bf6c01484f1460f0aeb97a7,39048271,2026-04-26 01:08:12.000000Z,0xB4a7e0F7513D460CA3e42d0C596DBb25992034D3,0xb365abd412744637AFba53FDf30De8DE875F6eBf,0x3600000000000000000000000000000000000000,IN,6,USDC,2000,1906031436120000,ok,
0xf488284b04f07e91a96e864f51b3cdc57b99aa5244d2f61896324b607b41c138,39048274,2026-04-26 01:08:14.000000Z,0xB4a7e0F7513D460CA3e42d0C596DBb25992034D3,0xb365abd412744637AFba53FDf30De8DE875F6eBf,0x3600000000000000000000000000000000000000,IN,6,USDC,2000,1906271437560000,ok,
0x603c89bec42c142b29f55d096af1c615dd7e5fb40092343f462dd5559eb2545b,39048277,2026-04-26 01:08:15.000000Z,0xB4a7e0F7513D460CA3e42d0C596DBb25992034D3,0xb365abd412744637AFba53FDf30De8DE875F6eBf,0x3600000000000000000000000000000000000000,IN,6,USDC,3000,1906271437560000,ok,
0x603d17d84a3ef49c2ed2ad8de858b437f338572aa61a0eb829d2015f7062ef1f,39048279,2026-04-26 01:08:16.000000Z,0xB4a7e0F7513D460CA3e42d0C596DBb25992034D3,0xb365abd412744637AFba53FDf30De8DE875F6eBf,0x3600000000000000000000000000000000000000,IN,6,USDC,3000,1906271437560000,ok,
0x429271f344b27d093fd78cdbebadf48145cd3cd32535059ad442012e8c5b7367,39048282,2026-04-26 01:08:18.000000Z,0xB4a7e0F7513D460CA3e42d0C596DBb25992034D3,0xb365abd412744637AFba53FDf30De8DE875F6eBf,0x3600000000000000000000000000000000000000,IN,6,USDC,1000,1906031436120000,ok,
0x18f3bbe4ce36a7b0ea99855f2a8d0cccd09e33afdcb5797278b69f5d651eb532,39048292,2026-04-26 01:08:22.000000Z,0xB4a7e0F7513D460CA3e42d0C596DBb25992034D3,0xb365abd412744637AFba53FDf30De8DE875F6eBf,0x3600000000000000000000000000000000000000,IN,6,USDC,2000,1906271437560000,ok,
0x8d50996cf86852609a5ed4145ac75bc81a508d786cdb1daa71b1f70e5389ef44,39048294,2026-04-26 01:08:24.000000Z,0xB4a7e0F7513D460CA3e42d0C596DBb25992034D3,0xb365abd412744637AFba53FDf30De8DE875F6eBf,0x3600000000000000000000000000000000000000,IN,6,USDC,2000,1905391432280000,ok,
0xb936f260e9dc801f2c027b3ab108bf60ca38a7a53ad1f3c37636e061d4930164,39048297,2026-04-26 01:08:25.000000Z,0xB4a7e0F7513D460CA3e42d0C596DBb25992034D3,0xb365abd412744637AFba53FDf30De8DE875F6eBf,0x3600000000000000000000000000000000000000,IN,6,USDC,2000,1905871435160000,ok,
0x4f04e91b883ca8c28fdbb5ee06e63d930ef248ce254c955e3d2f9c84ef7857e8,39048299,2026-04-26 01:08:26.000000Z,0xB4a7e0F7513D460CA3e42d0C596DBb25992034D3,0xb365abd412744637AFba53FDf30De8DE875F6eBf,0x3600000000000000000000000000000000000000,IN,6,USDC,3000,1905871435160000,ok,
0x7d445f7fd27c5567279e272ff1cdc4a7304b831a31a4fd16075582ac031f5762,39048302,2026-04-26 01:08:28.000000Z,0xB4a7e0F7513D460CA3e42d0C596DBb25992034D3,0xb365abd412744637AFba53FDf30De8DE875F6eBf,0x3600000000000000000000000000000000000000,IN,6,USDC,2000,1905871435160000,ok,
0x968addf4965f53e70bea153b744f4edcc645115f56c39b1bc761796372ea5155,39048304,2026-04-26 01:08:29.000000Z,0xB4a7e0F7513D460CA3e42d0C596DBb25992034D3,0xb365abd412744637AFba53FDf30De8DE875F6eBf,0x3600000000000000000000000000000000000000,IN,6,USDC,1000,1905631433720000,ok,
0x9a0567ee105c5705e569a9f16bb5ecd5299015d4e5f2e646c5e59ea6ed0e107a,39048307,2026-04-26 01:08:30.000000Z,0xB4a7e0F7513D460CA3e42d0C596DBb25992034D3,0xb365abd412744637AFba53FDf30De8DE875F6eBf,0x3600000000000000000000000000000000000000,IN,6,USDC,3000,1906031436120000,ok,
0x7e3f493f7c1749d204d9b367ea42ba0fce869817ccb434e26954cf96f730886b,39048315,2026-04-26 01:08:34.000000Z,0xB4a7e0F7513D460CA3e42d0C596DBb25992034D3,0xb365abd412744637AFba53FDf30De8DE875F6eBf,0x3600000000000000000000000000000000000000,IN,6,USDC,2000,1905871435160000,ok,
0xee47b55b191593c45e6e5abccb233e70693a1193c731aa9d2acbd1adba78fa63,39048318,2026-04-26 01:08:35.000000Z,0xB4a7e0F7513D460CA3e42d0C596DBb25992034D3,0xb365abd412744637AFba53FDf30De8DE875F6eBf,0x3600000000000000000000000000000000000000,IN,6,USDC,2000,1905871435160000,ok,
0x39ed898561e8f04590eba2532000f624243024eca54c5a3543fd0df10b5b78d2,39048321,2026-04-26 01:08:37.000000Z,0xB4a7e0F7513D460CA3e42d0C596DBb25992034D3,0xb365abd412744637AFba53FDf30De8DE875F6eBf,0x3600000000000000000000000000000000000000,IN,6,USDC,2000,1905631433720000,ok,
0x714302bbe01d04e6ee6a97b5e6fc11b548d0ae43ef9e5f7a6df676127c6a8b93,39048324,2026-04-26 01:08:39.000000Z,0xB4a7e0F7513D460CA3e42d0C596DBb25992034D3,0xb365abd412744637AFba53FDf30De8DE875F6eBf,0x3600000000000000000000000000000000000000,IN,6,USDC,2000,1906271437560000,ok,
0x013457b1c96c6c8321a9a55990ab77eff145b455f9abf8a7a5d00d28b0aedd10,39048327,2026-04-26 01:08:40.000000Z,0xB4a7e0F7513D460CA3e42d0C596DBb25992034D3,0xb365abd412744637AFba53FDf30De8DE875F6eBf,0x3600000000000000000000000000000000000000,IN,6,USDC,3000,1905871435160000,ok,
0xfecf3efc6e48d74e8c8af8b7f197d77ec6f4a19ee34fd9be0526d087ae2fed69,39048329,2026-04-26 01:08:41.000000Z,0xB4a7e0F7513D460CA3e42d0C596DBb25992034D3,0xb365abd412744637AFba53FDf30De8DE875F6eBf,0x3600000000000000000000000000000000000000,IN,6,USDC,5000,1905871435160000,ok,
0x2f632bff4cc0784eaecca9ddf31581898d3010bd56581bb6e4b94c1218d4fc43,39048332,2026-04-26 01:08:43.000000Z,0xB4a7e0F7513D460CA3e42d0C596DBb25992034D3,0xb365abd412744637AFba53FDf30De8DE875F6eBf,0x3600000000000000000000000000000000000000,IN,6,USDC,3000,1905631433720000,ok,
0x3588102191f2b0f3e0d81e06c50be72511da6e2719db817da9cb3eff43aa88b4,39048335,2026-04-26 01:08:45.000000Z,0xB4a7e0F7513D460CA3e42d0C596DBb25992034D3,0xb365abd412744637AFba53FDf30De8DE875F6eBf,0x3600000000000000000000000000000000000000,IN,6,USDC,5000,1906031436120000,ok,
0x4522951e1c940e3b6c7e282b756a1e9f4e3e6a91fc7b70f22e515c707ced284c,39048339,2026-04-26 01:08:47.000000Z,0xB4a7e0F7513D460CA3e42d0C596DBb25992034D3,0xb365abd412744637AFba53FDf30De8DE875F6eBf,0x3600000000000000000000000000000000000000,IN,6,USDC,5000,1906031436120000,ok,
0x61c8dde0f6e4cbf8cbafe0c3972cb5fac5988831fcc7c6a860a40e5b9698cad9,39048342,2026-04-26 01:08:48.000000Z,0xB4a7e0F7513D460CA3e42d0C596DBb25992034D3,0xb365abd412744637AFba53FDf30De8DE875F6eBf,0x3600000000000000000000000000000000000000,IN,6,USDC,5000,1906271437560000,ok,
0x91f8152352979b4d56143c117d779459d7adb4670941a3a896cf88838733ef46,39048345,2026-04-26 01:08:50.000000Z,0xB4a7e0F7513D460CA3e42d0C596DBb25992034D3,0xb365abd412744637AFba53FDf30De8DE875F6eBf,0x3600000000000000000000000000000000000000,IN,6,USDC,5000,1906271437560000,ok,
0x83626a3b1e4fa61aaff3b2eb5d6b5282cb1ff8774c0eb6b2239ae097d92985a3,39048354,2026-04-26 01:08:54.000000Z,0xB4a7e0F7513D460CA3e42d0C596DBb25992034D3,0xb365abd412744637AFba53FDf30De8DE875F6eBf,0x3600000000000000000000000000000000000000,IN,6,USDC,2000,1905871435160000,ok,
0x0353f630ae5a3518a969b680588f25a51525fa3d4bcdea4b1d544cdcc8f71cad,39048357,2026-04-26 01:08:56.000000Z,0xB4a7e0F7513D460CA3e42d0C596DBb25992034D3,0xb365abd412744637AFba53FDf30De8DE875F6eBf,0x3600000000000000000000000000000000000000,IN,6,USDC,2000,1906271437560000,ok,
0x15bc68fd071b64a487963e9c021a5dcc60c1f43415f2a60e076800f1ebc54c8a,39048359,2026-04-26 01:08:57.000000Z,0xB4a7e0F7513D460CA3e42d0C596DBb25992034D3,0xb365abd412744637AFba53FDf30De8DE875F6eBf,0x3600000000000000000000000000000000000000,IN,6,USDC,2000,1905871435160000,ok,
0x1ef0fe395fbcd10a405a7a79bf76193a0b93a86e5d8f90729d5112c03ac6d68d,39048363,2026-04-26 01:08:58.000000Z,0xB4a7e0F7513D460CA3e42d0C596DBb25992034D3,0xb365abd412744637AFba53FDf30De8DE875F6eBf,0x3600000000000000000000000000000000000000,IN,6,USDC,2000,1906271437560000,ok,
0x703c80a3942202b7a464eb9dc7df9f6de2e280ca6d2af6ff87bac53c29378ff2,39048366,2026-04-26 01:09:00.000000Z,0xB4a7e0F7513D460CA3e42d0C596DBb25992034D3,0xb365abd412744637AFba53FDf30De8DE875F6eBf,0x3600000000000000000000000000000000000000,IN,6,USDC,3000,1906271437560000,ok,
0xc30f68e25cc7eb5890f6a9bc3adc4d13b1f1d881f218ade12c4fba18a1c54fec,39048369,2026-04-26 01:09:02.000000Z,0xB4a7e0F7513D460CA3e42d0C596DBb25992034D3,0xb365abd412744637AFba53FDf30De8DE875F6eBf,0x3600000000000000000000000000000000000000,IN,6,USDC,3000,1906271437560000,ok,
0x5912abc3549f585d4ca5f0ec59064fc3ef5e2a344d2fc303fcecf9c868073a64,39048372,2026-04-26 01:09:03.000000Z,0xB4a7e0F7513D460CA3e42d0C596DBb25992034D3,0xb365abd412744637AFba53FDf30De8DE875F6eBf,0x3600000000000000000000000000000000000000,IN,6,USDC,1000,1906031436120000,ok,
0x21ecdfcf201c3807c720260364ba3b6af8a978a6d8f095be8b1b9a23337311c2,39048383,2026-04-26 01:09:09.000000Z,0xB4a7e0F7513D460CA3e42d0C596DBb25992034D3,0xb365abd412744637AFba53FDf30De8DE875F6eBf,0x3600000000000000000000000000000000000000,IN,6,USDC,2000,1905631433720000,ok,
0x49835d8bba3aac23d5644c852c48e90fd7ed0617902579ccea9b741c2e8a9d23,39048386,2026-04-26 01:09:10.000000Z,0xB4a7e0F7513D460CA3e42d0C596DBb25992034D3,0xb365abd412744637AFba53FDf30De8DE875F6eBf,0x3600000000000000000000000000000000000000,IN,6,USDC,2000,1905871435160000,ok,
0x48e746f31d5f7f6c8e08f9dd690c6bbec371ba5a3fd467f7591f6d9d60f3f972,39048388,2026-04-26 01:09:11.000000Z,0xB4a7e0F7513D460CA3e42d0C596DBb25992034D3,0xb365abd412744637AFba53FDf30De8DE875F6eBf,0x3600000000000000000000000000000000000000,IN,6,USDC,2000,1905871435160000,ok,
0xd6a15faff2fdde77208643ad37ddd8cd1c3d5eaa49908a67928024afa8300866,39048391,2026-04-26 01:09:13.000000Z,0xB4a7e0F7513D460CA3e42d0C596DBb25992034D3,0xb365abd412744637AFba53FDf30De8DE875F6eBf,0x3600000000000000000000000000000000000000,IN,6,USDC,2000,1906031436120000,ok,
0xf73496433f352130254b8b6d9054b4a5dc0efea6cfe6df83f6c9a6d293e86712,39048394,2026-04-26 01:09:14.000000Z,0xB4a7e0F7513D460CA3e42d0C596DBb25992034D3,0xb365abd412744637AFba53FDf30De8DE875F6eBf,0x3600000000000000000000000000000000000000,IN,6,USDC,3000,1906271437560000,ok,
0x946835f4ff0e6df88693100a689a18af0a77a58675c8c1870f88550e5b718b23,39048397,2026-04-26 01:09:16.000000Z,0xB4a7e0F7513D460CA3e42d0C596DBb25992034D3,0xb365abd412744637AFba53FDf30De8DE875F6eBf,0x3600000000000000000000000000000000000000,IN,6,USDC,3000,1905871435160000,ok,
0x87c6547fbcd40792e92c50a171f21263eb1b8708b00930a6839bf725bdd085be,39048399,2026-04-26 01:09:17.000000Z,0xB4a7e0F7513D460CA3e42d0C596DBb25992034D3,0xb365abd412744637AFba53FDf30De8DE875F6eBf,0x3600000000000000000000000000000000000000,IN,6,USDC,7000,1906031436120000,ok,
0xad7a2e50f41a79d2c34ce0b5fbd57d4cdc7672a986a73ab4acb028407be9aa92,39048402,2026-04-26 01:09:18.000000Z,0xB4a7e0F7513D460CA3e42d0C596DBb25992034D3,0xb365abd412744637AFba53FDf30De8DE875F6eBf,0x3600000000000000000000000000000000000000,IN,6,USDC,1000,1905871435160000,ok,
0xe3cbe2600f87fb2263b9765a424cddc44bf52d98e6bd5f062095885d7e0c51bc,39048406,2026-04-26 01:09:20.000000Z,0xB4a7e0F7513D460CA3e42d0C596DBb25992034D3,0xb365abd412744637AFba53FDf30De8DE875F6eBf,0x3600000000000000000000000000000000000000,IN,6,USDC,6000,1906271437560000,ok,
0xab5efaf003dd71356a544ed7cd068eca227639b872104c3876cd05649efaa7b8,39048413,2026-04-26 01:09:24.000000Z,0xB4a7e0F7513D460CA3e42d0C596DBb25992034D3,0xb365abd412744637AFba53FDf30De8DE875F6eBf,0x3600000000000000000000000000000000000000,IN,6,USDC,2000,1905871435160000,ok,
0xa7bd5013e14022152d67e8053214b459327bdd8174c69636c3eeb66f594ba4d7,39048415,2026-04-26 01:09:25.000000Z,0xB4a7e0F7513D460CA3e42d0C596DBb25992034D3,0xb365abd412744637AFba53FDf30De8DE875F6eBf,0x3600000000000000000000000000000000000000,IN,6,USDC,2000,1905631433720000,ok,
0x5a5cb0ee8475d62dd522197f4cc1181a2125a659650c3fc22c8b9ef602cb69fb,39048418,2026-04-26 01:09:27.000000Z,0xB4a7e0F7513D460CA3e42d0C596DBb25992034D3,0xb365abd412744637AFba53FDf30De8DE875F6eBf,0x3600000000000000000000000000000000000000,IN,6,USDC,3000,1905871435160000,ok,
0x8d928043c580c6ded5aaf4ba95cc4d6bedd84806a5d970251abcba4c578e1213,39048421,2026-04-26 01:09:28.000000Z,0xB4a7e0F7513D460CA3e42d0C596DBb25992034D3,0xb365abd412744637AFba53FDf30De8DE875F6eBf,0x3600000000000000000000000000000000000000,IN,6,USDC,2000,1905791434680000,ok,
0x15ef161a4b921ae79da72b74b80abcabf4c95c9fa50a99f113d2727b0389ca72,39048424,2026-04-26 01:09:30.000000Z,0xB4a7e0F7513D460CA3e42d0C596DBb25992034D3,0xb365abd412744637AFba53FDf30De8DE875F6eBf,0x3600000000000000000000000000000000000000,IN,6,USDC,2000,1906271437560000,ok,
0x18a3ce81798fae4a5b61b6877352bbf2c8a16323bbc5ed8d634171ca6ad82ca7,39048428,2026-04-26 01:09:31.000000Z,0xB4a7e0F7513D460CA3e42d0C596DBb25992034D3,0xb365abd412744637AFba53FDf30De8DE875F6eBf,0x3600000000000000000000000000000000000000,IN,6,USDC,3000,1906271437560000,ok,
0x1e035283e967707bb6cfee5f1e7052f79e239ce8c455baeae2adf4fb09b91954,39048430,2026-04-26 01:09:33.000000Z,0xB4a7e0F7513D460CA3e42d0C596DBb25992034D3,0xb365abd412744637AFba53FDf30De8DE875F6eBf,0x3600000000000000000000000000000000000000,IN,6,USDC,2000,1905871435160000,ok,
0x7e116ca59000ec21c18a4f1afef910478fa9c40f74f42b9edcb350a3d0dd85df,39048432,2026-04-26 01:09:34.000000Z,0xB4a7e0F7513D460CA3e42d0C596DBb25992034D3,0xb365abd412744637AFba53FDf30De8DE875F6eBf,0x3600000000000000000000000000000000000000,IN,6,USDC,2000,1905631433720000,ok,
0x4cb22fd2815aad131a8045ddccc5fa1e805e1ef78c84595c0f45e49733a5f90d,39048434,2026-04-26 01:09:35.000000Z,0xB4a7e0F7513D460CA3e42d0C596DBb25992034D3,0xb365abd412744637AFba53FDf30De8DE875F6eBf,0x3600000000000000000000000000000000000000,IN,6,USDC,3000,1906031436120000,ok,
0xe640aff8f6d2afcf196c3291c46e54d1c63d5cfefa55b3c649b475423de41a87,39048437,2026-04-26 01:09:36.000000Z,0xB4a7e0F7513D460CA3e42d0C596DBb25992034D3,0xb365abd412744637AFba53FDf30De8DE875F6eBf,0x3600000000000000000000000000000000000000,IN,6,USDC,1000,1906271437560000,ok,
0x37b3879dd0a2f5f1b8b8840c30776cad2e615843759d482486f4d5de1f383858,39048440,2026-04-26 01:09:38.000000Z,0xB4a7e0F7513D460CA3e42d0C596DBb25992034D3,0xb365abd412744637AFba53FDf30De8DE875F6eBf,0x3600000000000000000000000000000000000000,IN,6,USDC,2000,1905871435160000,ok,
0x03202ccbc9afb1caa1b76177ce9e6bd91dd71535ed52dceedbee2129f499adf4,39048443,2026-04-26 01:09:39.000000Z,0xB4a7e0F7513D460CA3e42d0C596DBb25992034D3,0xb365abd412744637AFba53FDf30De8DE875F6eBf,0x3600000000000000000000000000000000000000,IN,6,USDC,2000,1905871435160000,ok,
0xa4cd199de99b9a0c573487f4413f4fc6dc46a7bb5c47bc20bdf3400a39518700,39048445,2026-04-26 01:09:40.000000Z,0xB4a7e0F7513D460CA3e42d0C596DBb25992034D3,0xb365abd412744637AFba53FDf30De8DE875F6eBf,0x3600000000000000000000000000000000000000,IN,6,USDC,3000,1905631433720000,ok,
0x1676bd360a068b0226ed1f7eea2801774a3acbb606238ad14a7d5308eedab54f,39048448,2026-04-26 01:09:42.000000Z,0xB4a7e0F7513D460CA3e42d0C596DBb25992034D3,0xb365abd412744637AFba53FDf30De8DE875F6eBf,0x3600000000000000000000000000000000000000,IN,6,USDC,7000,1906271437560000,ok,
0xe16f873b1685e8ae98c4d7b5d86cbb4529d087f123f5fa819f74afd884d1a4b7,39048452,2026-04-26 01:09:44.000000Z,0xB4a7e0F7513D460CA3e42d0C596DBb25992034D3,0xb365abd412744637AFba53FDf30De8DE875F6eBf,0x3600000000000000000000000000000000000000,IN,6,USDC,2000,1906271437560000,ok,
0x82b803279c34207451dd04ea1a6d54d41ed4f088d20821be26d41e9b08bb4aa7,39048454,2026-04-26 01:09:45.000000Z,0xB4a7e0F7513D460CA3e42d0C596DBb25992034D3,0xb365abd412744637AFba53FDf30De8DE875F6eBf,0x3600000000000000000000000000000000000000,IN,6,USDC,2000,1906271437560000,ok,
0xf117dd322cda4b95635b648d26d14663c9032de16eee379e922f004f97c5655f,39048457,2026-04-26 01:09:46.000000Z,0xB4a7e0F7513D460CA3e42d0C596DBb25992034D3,0xb365abd412744637AFba53FDf30De8DE875F6eBf,0x3600000000000000000000000000000000000000,IN,6,USDC,3000,1905871435160000,ok,
0x75a993f03493ee02d785d4682d0f4cff77967142506a4301de448d7d3aab04cd,39048459,2026-04-26 01:09:47.000000Z,0xB4a7e0F7513D460CA3e42d0C596DBb25992034D3,0xb365abd412744637AFba53FDf30De8DE875F6eBf,0x3600000000000000000000000000000000000000,IN,6,USDC,5000,1905871435160000,ok,
0x433f2ef4c1211715123161a88d2fc91b3cf19180c5aee330fe2e439ece1bd7f4,39048463,2026-04-26 01:09:50.000000Z,0xB4a7e0F7513D460CA3e42d0C596DBb25992034D3,0xb365abd412744637AFba53FDf30De8DE875F6eBf,0x3600000000000000000000000000000000000000,IN,6,USDC,5000,1905871435160000,ok,
0xc9fd15428f6ce194346e742c334c9bc9d4a7d74ba7b03c7f7b39dc239952d23a,39048467,2026-04-26 01:09:51.000000Z,0xB4a7e0F7513D460CA3e42d0C596DBb25992034D3,0xb365abd412744637AFba53FDf30De8DE875F6eBf,0x3600000000000000000000000000000000000000,IN,6,USDC,2000,1906031436120000,ok,
0x1b41c6b79cec116e3158dc9678938fc0e96bf8b42cc16b25342bef48b11eac05,39048469,2026-04-26 01:09:53.000000Z,0xB4a7e0F7513D460CA3e42d0C596DBb25992034D3,0xb365abd412744637AFba53FDf30De8DE875F6eBf,0x3600000000000000000000000000000000000000,IN,6,USDC,5000,1905871435160000,ok,
0xf890deb8a11fb3cd999ed39bd725953d3744e2c6b77c67db6353350fb683b374,39048473,2026-04-26 01:09:54.000000Z,0xB4a7e0F7513D460CA3e42d0C596DBb25992034D3,0xb365abd412744637AFba53FDf30De8DE875F6eBf,0x3600000000000000000000000000000000000000,IN,6,USDC,2000,1905871435160000,ok,
0x102c049a4d0a15c6ceb7148e76d25e0a0db16b14dabb27d1baf3e41aab7d44ea,39048475,2026-04-26 01:09:56.000000Z,0xB4a7e0F7513D460CA3e42d0C596DBb25992034D3,0xb365abd412744637AFba53FDf30De8DE875F6eBf,0x3600000000000000000000000000000000000000,IN,6,USDC,3000,1905631433720000,ok,
0x8683e6951491cb3f7fd55924c0d189c591a7217cf893b08592ada82dd3f81c39,39048477,2026-04-26 01:09:57.000000Z,0xB4a7e0F7513D460CA3e42d0C596DBb25992034D3,0xb365abd412744637AFba53FDf30De8DE875F6eBf,0x3600000000000000000000000000000000000000,IN,6,USDC,1000,1906271437560000,ok,
0xbb416651d2a8b30946a3584119c30dc32b36cabfab75654c3b35dfb1df5fcb0d,39048480,2026-04-26 01:09:58.000000Z,0xB4a7e0F7513D460CA3e42d0C596DBb25992034D3,0xb365abd412744637AFba53FDf30De8DE875F6eBf,0x3600000000000000000000000000000000000000,IN,6,USDC,5000,1906271437560000,ok,
0xecbd4dab2c2c01f40e51cae75132f233bb21c817ec3faf97805e589bfab712a2,39048482,2026-04-26 01:09:59.000000Z,0xB4a7e0F7513D460CA3e42d0C596DBb25992034D3,0xb365abd412744637AFba53FDf30De8DE875F6eBf,0x3600000000000000000000000000000000000000,IN,6,USDC,5000,1905631433720000,ok,
0x4ad3e6ab4619ffec581035b1de86134a072f09cb554bedf2bbe697d37be3ce77,39048485,2026-04-26 01:10:01.000000Z,0xB4a7e0F7513D460CA3e42d0C596DBb25992034D3,0xb365abd412744637AFba53FDf30De8DE875F6eBf,0x3600000000000000000000000000000000000000,IN,6,USDC,2000,1905791434680000,ok,
0xdd34decda4f3b3b561a55a0e1f63f1937cae8fc9b1b1d29b94033e3432024c21,39048488,2026-04-26 01:10:02.000000Z,0xB4a7e0F7513D460CA3e42d0C596DBb25992034D3,0xb365abd412744637AFba53FDf30De8DE875F6eBf,0x3600000000000000000000000000000000000000,IN,6,USDC,6000,1905391432280000,ok,
0x3d233109fe4c87e952d30bd6708de3d77d5465d5d9048de2ca1b90430618fb49,39048490,2026-04-26 01:10:03.000000Z,0xB4a7e0F7513D460CA3e42d0C596DBb25992034D3,0xb365abd412744637AFba53FDf30De8DE875F6eBf,0x3600000000000000000000000000000000000000,IN,6,USDC,2000,1905871435160000,ok,
0xdfd09aeee9357ea337135842b51e69fde8f417f356e9bb25359687e533f98a5a,39048493,2026-04-26 01:10:05.000000Z,0xB4a7e0F7513D460CA3e42d0C596DBb25992034D3,0xb365abd412744637AFba53FDf30De8DE875F6eBf,0x3600000000000000000000000000000000000000,IN,6,USDC,3000,1906031436120000,ok,
0x99f06531cd33925361f527175dde1a1e843639c281662ac599c7703eba2cc84f,39048499,2026-04-26 01:10:08.000000Z,0xB4a7e0F7513D460CA3e42d0C596DBb25992034D3,0xb365abd412744637AFba53FDf30De8DE875F6eBf,0x3600000000000000000000000000000000000000,IN,6,USDC,2000,1905631433720000,ok,
0x213b66d5ffc3c28bb66a1a5440a86d2d02ee3fc0f84654789bf12eb140273223,39048502,2026-04-26 01:10:09.000000Z,0xB4a7e0F7513D460CA3e42d0C596DBb25992034D3,0xb365abd412744637AFba53FDf30De8DE875F6eBf,0x3600000000000000000000000000000000000000,IN,6,USDC,2000,1906031436120000,ok,
0xd449809ffc33012d1b5dd8c8ba89facddf1d860ae7aa8f784be1c3dfd4f86af5,39048504,2026-04-26 01:10:10.000000Z,0xB4a7e0F7513D460CA3e42d0C596DBb25992034D3,0xb365abd412744637AFba53FDf30De8DE875F6eBf,0x3600000000000000000000000000000000000000,IN,6,USDC,2000,1905871435160000,ok,
0x6fa55253fc848cc0bcc2f1bc50d6a7dca2bfc7484964effbac92959890b15548,39048507,2026-04-26 01:10:12.000000Z,0xB4a7e0F7513D460CA3e42d0C596DBb25992034D3,0xb365abd412744637AFba53FDf30De8DE875F6eBf,0x3600000000000000000000000000000000000000,IN,6,USDC,3000,1906271437560000,ok,
0x56a62011ade42710c246bf58bd42a22a74e2c39f9c58b1e65c0f173fa3542576,39048510,2026-04-26 01:10:13.000000Z,0xB4a7e0F7513D460CA3e42d0C596DBb25992034D3,0xb365abd412744637AFba53FDf30De8DE875F6eBf,0x3600000000000000000000000000000000000000,IN,6,USDC,2000,1906271437560000,ok,
0xac71c36a01f6f52507afcd92d0f4aa522630d6dfe1f12fb9d3520cc41e7a799a,39048513,2026-04-26 01:10:15.000000Z,0xB4a7e0F7513D460CA3e42d0C596DBb25992034D3,0xb365abd412744637AFba53FDf30De8DE875F6eBf,0x3600000000000000000000000000000000000000,IN,6,USDC,3000,1905871435160000,ok,
0x5e4f69fef85f3bdf64e1e471c1e6f8c8ac45a988c04fbb8766449485ea407d65,39048515,2026-04-26 01:10:16.000000Z,0xB4a7e0F7513D460CA3e42d0C596DBb25992034D3,0xb365abd412744637AFba53FDf30De8DE875F6eBf,0x3600000000000000000000000000000000000000,IN,6,USDC,1000,1905871435160000,ok,
0x129af031184a105b93a4b94a3d315f29aa4ac2075bc289537be4c7bcf3e96006,39048519,2026-04-26 01:10:18.000000Z,0xB4a7e0F7513D460CA3e42d0C596DBb25992034D3,0xb365abd412744637AFba53FDf30De8DE875F6eBf,0x3600000000000000000000000000000000000000,IN,6,USDC,6000,1906031436120000,ok,
0x468f5fadeae187caaba6adf6caa3b07c9b74f3d2a0da1c8ba5fc6c0d2ce227c0,39048524,2026-04-26 01:10:20.000000Z,0xB4a7e0F7513D460CA3e42d0C596DBb25992034D3,0xb365abd412744637AFba53FDf30De8DE875F6eBf,0x3600000000000000000000000000000000000000,IN,6,USDC,2000,1906271437560000,ok,
0x5f99cd6df9e6559235fb6dfcae04e72fb422c04f07df621be3a1fd353a6df7a5,39048527,2026-04-26 01:10:22.000000Z,0xB4a7e0F7513D460CA3e42d0C596DBb25992034D3,0xb365abd412744637AFba53FDf30De8DE875F6eBf,0x3600000000000000000000000000000000000000,IN,6,USDC,2000,1906271437560000,ok,
0x3a7a844e94754082b347d602366d42df991ce8601c4c1f1e857968caa68ab240,39048529,2026-04-26 01:10:23.000000Z,0xB4a7e0F7513D460CA3e42d0C596DBb25992034D3,0xb365abd412744637AFba53FDf30De8DE875F6eBf,0x3600000000000000000000000000000000000000,IN,6,USDC,3000,1905871435160000,ok,
0xf253d96e54dad6b1da3a66bc8a96750856e0255188d88eebfbb153f77faaf688,39048533,2026-04-26 01:10:25.000000Z,0xB4a7e0F7513D460CA3e42d0C596DBb25992034D3,0xb365abd412744637AFba53FDf30De8DE875F6eBf,0x3600000000000000000000000000000000000000,IN,6,USDC,2000,1906271437560000,ok,
0xeed69d9ebc25dc3bc382912ab0272bdd8b6fc489b1c04ec801789baf32ff30a4,39048535,2026-04-26 01:10:26.000000Z,0xB4a7e0F7513D460CA3e42d0C596DBb25992034D3,0xb365abd412744637AFba53FDf30De8DE875F6eBf,0x3600000000000000000000000000000000000000,IN,6,USDC,2000,1905631433720000,ok,
0xf85cbe71ed96afc11caff2556dc8f2ebb54693c82c405a8d5ad317dfb2775332,39048537,2026-04-26 01:10:27.000000Z,0xB4a7e0F7513D460CA3e42d0C596DBb25992034D3,0xb365abd412744637AFba53FDf30De8DE875F6eBf,0x3600000000000000000000000000000000000000,IN,6,USDC,3000,1906271437560000,ok,
0x4812dc8b003b76b597a548055b29d27bc657c966a3abe9961003229a69b88e68,39048540,2026-04-26 01:10:29.000000Z,0xB4a7e0F7513D460CA3e42d0C596DBb25992034D3,0xb365abd412744637AFba53FDf30De8DE875F6eBf,0x3600000000000000000000000000000000000000,IN,6,USDC,2000,1906271437560000,ok,
0x2e856af29a1daf4d1f815802c4dddca6c54c1bbfc88be552b500d7cd0fe42483,39048543,2026-04-26 01:10:30.000000Z,0xB4a7e0F7513D460CA3e42d0C596DBb25992034D3,0xb365abd412744637AFba53FDf30De8DE875F6eBf,0x3600000000000000000000000000000000000000,IN,6,USDC,2000,1906031436120000,ok,
0x6f4d4cb5b78b9042f65f54e1cfb61fd50778e3625ecfe7fbd1b980509c7ce84e,39048545,2026-04-26 01:10:31.000000Z,0xB4a7e0F7513D460CA3e42d0C596DBb25992034D3,0xb365abd412744637AFba53FDf30De8DE875F6eBf,0x3600000000000000000000000000000000000000,IN,6,USDC,3000,1906271437560000,ok,
0x8c2d59b3172b920e19c70999c25852f4b3f8168b81fb4ca665e8bada460bbf93,39048548,2026-04-26 01:10:32.000000Z,0xB4a7e0F7513D460CA3e42d0C596DBb25992034D3,0xb365abd412744637AFba53FDf30De8DE875F6eBf,0x3600000000000000000000000000000000000000,IN,6,USDC,1000,1905871435160000,ok,
0xc8902f629ca419a9d3a5119aed7b4243dc2dbe483d19ba58f6326b121ae5c5a0,39048552,2026-04-26 01:10:35.000000Z,0xB4a7e0F7513D460CA3e42d0C596DBb25992034D3,0xb365abd412744637AFba53FDf30De8DE875F6eBf,0x3600000000000000000000000000000000000000,IN,6,USDC,2000,1905871435160000,ok,
0x92d2e86a354fbeff82b37d0267920646cee63d0b0a103f8088e9fd96b13ee869,39048555,2026-04-26 01:10:36.000000Z,0xB4a7e0F7513D460CA3e42d0C596DBb25992034D3,0xb365abd412744637AFba53FDf30De8DE875F6eBf,0x3600000000000000000000000000000000000000,IN,6,USDC,2000,1905631433720000,ok,
0x9b31d68d4ba3bdc0ee647cbe645b3b9348a63eaf3592dfc860c4cf7210f46ab2,39048559,2026-04-26 01:10:38.000000Z,0xB4a7e0F7513D460CA3e42d0C596DBb25992034D3,0xb365abd412744637AFba53FDf30De8DE875F6eBf,0x3600000000000000000000000000000000000000,IN,6,USDC,3000,1906271437560000,ok,
0xecdb3ed5829b6d2f44443bbcbfec44439d34348cea450853403c3c5593ac8abb,39048562,2026-04-26 01:10:39.000000Z,0xB4a7e0F7513D460CA3e42d0C596DBb25992034D3,0xb365abd412744637AFba53FDf30De8DE875F6eBf,0x3600000000000000000000000000000000000000,IN,6,USDC,7000,1905631433720000,ok,
0x6d8cbd9a33b573223bdd2f48242dc7f93abd94f1f8b8c80e3dec1a42c45161ee,39048565,2026-04-26 01:10:41.000000Z,0xB4a7e0F7513D460CA3e42d0C596DBb25992034D3,0xb365abd412744637AFba53FDf30De8DE875F6eBf,0x3600000000000000000000000000000000000000,IN,6,USDC,2000,1905871435160000,ok,
0x5332f9fc39459e7babee5020b84ec1453b304a49da533f1b652751fd8aaf6e42,39048568,2026-04-26 01:10:43.000000Z,0xB4a7e0F7513D460CA3e42d0C596DBb25992034D3,0xb365abd412744637AFba53FDf30De8DE875F6eBf,0x3600000000000000000000000000000000000000,IN,6,USDC,2000,1906271437560000,ok,
0x00499e17edac807aef0d75c9c2494c82e1fcc1224da16a8cbd0b00c3f7e1fe96,39048572,2026-04-26 01:10:45.000000Z,0xB4a7e0F7513D460CA3e42d0C596DBb25992034D3,0xb365abd412744637AFba53FDf30De8DE875F6eBf,0x3600000000000000000000000000000000000000,IN,6,USDC,3000,1905871435160000,ok,
0xf4e5aff9675af0fb03605b7f1472668349e314d22aa9ddedca9f9b9c2f75e2be,39048577,2026-04-26 01:10:47.000000Z,0xB4a7e0F7513D460CA3e42d0C596DBb25992034D3,0xb365abd412744637AFba53FDf30De8DE875F6eBf,0x3600000000000000000000000000000000000000,IN,6,USDC,2000,1906271437560000,ok,
0x193dd364577e4fad0148ef26c908dbc3bda923c0d9440f90868a20cbd5ed1439,39048579,2026-04-26 01:10:48.000000Z,0xB4a7e0F7513D460CA3e42d0C596DBb25992034D3,0xb365abd412744637AFba53FDf30De8DE875F6eBf,0x3600000000000000000000000000000000000000,IN,6,USDC,2000,1906271437560000,ok,
0x7eed8a281c527fbce155b693accb025f6183a1486b0bd36ae0a181a2155c000e,39048582,2026-04-26 01:10:50.000000Z,0xB4a7e0F7513D460CA3e42d0C596DBb25992034D3,0xb365abd412744637AFba53FDf30De8DE875F6eBf,0x3600000000000000000000000000000000000000,IN,6,USDC,3000,1906271437560000,ok,
0xa89225a80044e53c521acc1c96d46d0024399b7b80a403c541d87c3d8ebb9c0e,39048585,2026-04-26 01:10:51.000000Z,0xB4a7e0F7513D460CA3e42d0C596DBb25992034D3,0xb365abd412744637AFba53FDf30De8DE875F6eBf,0x3600000000000000000000000000000000000000,IN,6,USDC,1000,1905871435160000,ok,
0x1848cb2a75a1ef62fd127101e29023ffcbd8ea091ea764871e8cb905be46ee9d,39048589,2026-04-26 01:10:53.000000Z,0xB4a7e0F7513D460CA3e42d0C596DBb25992034D3,0xb365abd412744637AFba53FDf30De8DE875F6eBf,0x3600000000000000000000000000000000000000,IN,6,USDC,5000,1906271437560000,ok,
0xf48e21ce7efa866b56e196d4ae06bdf4286c5b2bbcb6a918a3889bd744c6da75,39048593,2026-04-26 01:10:55.000000Z,0xB4a7e0F7513D460CA3e42d0C596DBb25992034D3,0xb365abd412744637AFba53FDf30De8DE875F6eBf,0x3600000000000000000000000000000000000000,IN,6,USDC,2000,1905871435160000,ok,
0x27291c368128ea5ddfdd3be6d3abb8233760bfd33682b8b0671c5021b5104201,39048595,2026-04-26 01:10:56.000000Z,0xB4a7e0F7513D460CA3e42d0C596DBb25992034D3,0xb365abd412744637AFba53FDf30De8DE875F6eBf,0x3600000000000000000000000000000000000000,IN,6,USDC,5000,1905871435160000,ok,
0x206b6e29f3f7fa059aa79ff330594eaa89a4a611ce9518d04949997abd0cc3bb,39048598,2026-04-26 01:10:58.000000Z,0xB4a7e0F7513D460CA3e42d0C596DBb25992034D3,0xb365abd412744637AFba53FDf30De8DE875F6eBf,0x3600000000000000000000000000000000000000,IN,6,USDC,2000,1906271437560000,ok,
0x4c0898304f284bc6a470296956a0b03b030de47b71089027931c575623f4f714,39048601,2026-04-26 01:10:59.000000Z,0xB4a7e0F7513D460CA3e42d0C596DBb25992034D3,0xb365abd412744637AFba53FDf30De8DE875F6eBf,0x3600000000000000000000000000000000000000,IN,6,USDC,6000,1905631433720000,ok,
0x629175edfc85eeba9b1a9829ef20444f1f834cb7b68d92b8bf399f400c7d7632,39048604,2026-04-26 01:11:01.000000Z,0xB4a7e0F7513D460CA3e42d0C596DBb25992034D3,0xb365abd412744637AFba53FDf30De8DE875F6eBf,0x3600000000000000000000000000000000000000,IN,6,USDC,3000,1905871435160000,ok,
0x3d91111003edad0f983cf1f0363118a7d4b4b838fa03905521286df539054ebd,39048608,2026-04-26 01:11:03.000000Z,0xB4a7e0F7513D460CA3e42d0C596DBb25992034D3,0xb365abd412744637AFba53FDf30De8DE875F6eBf,0x3600000000000000000000000000000000000000,IN,6,USDC,5000,1905871435160000,ok,
0x23ae1e74f7811dd8805c2fd0c7e07dc3002b2d710293e557861686b57a474c6b,39048612,2026-04-26 01:11:05.000000Z,0xB4a7e0F7513D460CA3e42d0C596DBb25992034D3,0xb365abd412744637AFba53FDf30De8DE875F6eBf,0x3600000000000000000000000000000000000000,IN,6,USDC,5000,1905871435160000,ok,
0x631ca584dbe4c77cf2c46030ab92661535b705501378c35e8af2bd8c8d8e98a6,39048614,2026-04-26 01:11:06.000000Z,0xB4a7e0F7513D460CA3e42d0C596DBb25992034D3,0xb365abd412744637AFba53FDf30De8DE875F6eBf,0x3600000000000000000000000000000000000000,IN,6,USDC,5000,1906271437560000,ok,
0x3dc4d02efc96b8d72a29f61fc05b4ca26a4ab1d4c6fb9fc5bfab1ce264399b2b,39048619,2026-04-26 01:11:09.000000Z,0xB4a7e0F7513D460CA3e42d0C596DBb25992034D3,0xb365abd412744637AFba53FDf30De8DE875F6eBf,0x3600000000000000000000000000000000000000,IN,6,USDC,2000,1906031436120000,ok,
0xb35b5eb1eb205cfb838749b6075843c82c3fab7541e4a3329fb000229070bcda,39048623,2026-04-26 01:11:10.000000Z,0xB4a7e0F7513D460CA3e42d0C596DBb25992034D3,0xb365abd412744637AFba53FDf30De8DE875F6eBf,0x3600000000000000000000000000000000000000,IN,6,USDC,2000,1906031436120000,ok,
0x6e40abc8fa8cff84b9e267d2714fb9c144f5f80f5c2d89433f574dd51a8c5df2,39048626,2026-04-26 01:11:12.000000Z,0xB4a7e0F7513D460CA3e42d0C596DBb25992034D3,0xb365abd412744637AFba53FDf30De8DE875F6eBf,0x3600000000000000000000000000000000000000,IN,6,USDC,3000,1905871435160000,ok,
0x18783b639f9b0dd04bf6b510b4f3eeebab819db0ac165d649d71afbba4e364d8,39048645,2026-04-26 01:11:22.000000Z,0xB4a7e0F7513D460CA3e42d0C596DBb25992034D3,0xb365abd412744637AFba53FDf30De8DE875F6eBf,0x3600000000000000000000000000000000000000,IN,6,USDC,2000,1906271437560000,ok,
0x872eb78848bb4fd61ad86064ae29847005c5faed3653709a89fe844d73d785c8,39048655,2026-04-26 01:11:27.000000Z,0xB4a7e0F7513D460CA3e42d0C596DBb25992034D3,0xb365abd412744637AFba53FDf30De8DE875F6eBf,0x3600000000000000000000000000000000000000,IN,6,USDC,2000,1905871435160000,ok,
0x58f09f640c7af5358ab131be8d079cc68cfb27cc3ba70199b26bd3a93a3856eb,39048659,2026-04-26 01:11:29.000000Z,0xB4a7e0F7513D460CA3e42d0C596DBb25992034D3,0xb365abd412744637AFba53FDf30De8DE875F6eBf,0x3600000000000000000000000000000000000000,IN,6,USDC,3000,1906271437560000,ok,
0x9eaef6aadb9922799bc160628aed5a0d9c8b0d591fe66e683b841e60ca328d64,39048664,2026-04-26 01:11:31.000000Z,0xB4a7e0F7513D460CA3e42d0C596DBb25992034D3,0xb365abd412744637AFba53FDf30De8DE875F6eBf,0x3600000000000000000000000000000000000000,IN,6,USDC,2000,1906031436120000,ok,
0x4528a5cd2ce5889c211bee0da9db44cbd494b5d9e76fea0fabc59785b591c665,39048668,2026-04-26 01:11:33.000000Z,0xB4a7e0F7513D460CA3e42d0C596DBb25992034D3,0xb365abd412744637AFba53FDf30De8DE875F6eBf,0x3600000000000000000000000000000000000000,IN,6,USDC,1000,1906271437560000,ok,
0xecea23a9df27be41cf9ebbf35a3b142053e4dd5840a49cd9b2872c04fc743e91,39048672,2026-04-26 01:11:35.000000Z,0xB4a7e0F7513D460CA3e42d0C596DBb25992034D3,0xb365abd412744637AFba53FDf30De8DE875F6eBf,0x3600000000000000000000000000000000000000,IN,6,USDC,2000,1906271437560000,ok,
0xcce4dc481cb0ca9878a6cf8675c7b50396a6f7760a178b28a9bae28c575972dd,39048674,2026-04-26 01:11:37.000000Z,0xB4a7e0F7513D460CA3e42d0C596DBb25992034D3,0xb365abd412744637AFba53FDf30De8DE875F6eBf,0x3600000000000000000000000000000000000000,IN,6,USDC,7000,1906271437560000,ok,
0xaa32dbd8d96a13b1b67c78b9a17fd75f89b6e63a19c5472c40fcf5d8449ec4b8,39048678,2026-04-26 01:11:39.000000Z,0xB4a7e0F7513D460CA3e42d0C596DBb25992034D3,0xb365abd412744637AFba53FDf30De8DE875F6eBf,0x3600000000000000000000000000000000000000,IN,6,USDC,3000,1906271437560000,ok,
0xd0ffa8ca4a84371403183efd2f1fdbb71618fea6e6900d669ba26ad7c50e04f1,39048688,2026-04-26 01:11:44.000000Z,0xB4a7e0F7513D460CA3e42d0C596DBb25992034D3,0xb365abd412744637AFba53FDf30De8DE875F6eBf,0x3600000000000000000000000000000000000000,IN,6,USDC,2000,1905391432280000,ok,
0xe105a7a38c296951a5ad82a8e8a4292a8ff8da6ce0fe08ff39b323f9c52c15eb,39048691,2026-04-26 01:11:45.000000Z,0xB4a7e0F7513D460CA3e42d0C596DBb25992034D3,0xb365abd412744637AFba53FDf30De8DE875F6eBf,0x3600000000000000000000000000000000000000,IN,6,USDC,2000,1906031436120000,ok,
0xdd150b7320c52b3a3bb3284383f87d5ba6238fb18ebda4d9be6e6d5a18f10b9f,39048694,2026-04-26 01:11:47.000000Z,0xB4a7e0F7513D460CA3e42d0C596DBb25992034D3,0xb365abd412744637AFba53FDf30De8DE875F6eBf,0x3600000000000000000000000000000000000000,IN,6,USDC,2000,1906031436120000,ok,
0xe1aeb77d86e1bfeec495043370956a75ad5e4f58364a0393ed701f5830f32eee,39048698,2026-04-26 01:11:48.000000Z,0xB4a7e0F7513D460CA3e42d0C596DBb25992034D3,0xb365abd412744637AFba53FDf30De8DE875F6eBf,0x3600000000000000000000000000000000000000,IN,6,USDC,2000,1905871435160000,ok,
0x3ab21fb04be028181c9176c235066437fabba10e9f01516a562c0e4793bfbf44,39048702,2026-04-26 01:11:51.000000Z,0xB4a7e0F7513D460CA3e42d0C596DBb25992034D3,0xb365abd412744637AFba53FDf30De8DE875F6eBf,0x3600000000000000000000000000000000000000,IN,6,USDC,3000,1906031436120000,ok,
0x208ac2c63dde07e00c3db27c6b2d7a45fb9cca3233141b37ab343ba344fb7c8b,39048705,2026-04-26 01:11:52.000000Z,0xB4a7e0F7513D460CA3e42d0C596DBb25992034D3,0xb365abd412744637AFba53FDf30De8DE875F6eBf,0x3600000000000000000000000000000000000000,IN,6,USDC,3000,1905871435160000,ok,
0x312832c2ad786db3078a44671aa7d2f73ccd6450e1550b8a561b5fcb5c1d70b5,39048708,2026-04-26 01:11:54.000000Z,0xB4a7e0F7513D460CA3e42d0C596DBb25992034D3,0xb365abd412744637AFba53FDf30De8DE875F6eBf,0x3600000000000000000000000000000000000000,IN,6,USDC,1000,1906271437560000,ok,
0x5b715d6851fddfb5c337c76ade7444ed25ae55a1e901aabe479432448ceedfd1,39048717,2026-04-26 01:11:58.000000Z,0xB4a7e0F7513D460CA3e42d0C596DBb25992034D3,0xb365abd412744637AFba53FDf30De8DE875F6eBf,0x3600000000000000000000000000000000000000,IN,6,USDC,2000,1906271437560000,ok,
0x28ddf4a33ca544746312cb58ff6f62d8c9e3421ad23ee4fb301e0383ab1e65a3,39048720,2026-04-26 01:12:00.000000Z,0xB4a7e0F7513D460CA3e42d0C596DBb25992034D3,0xb365abd412744637AFba53FDf30De8DE875F6eBf,0x3600000000000000000000000000000000000000,IN,6,USDC,2000,1906031436120000,ok,
0x9aabc8d119e26c464a7c190fcbfe2305f576c996cc18877cd523cd27f8a96e5d,39048723,2026-04-26 01:12:01.000000Z,0xB4a7e0F7513D460CA3e42d0C596DBb25992034D3,0xb365abd412744637AFba53FDf30De8DE875F6eBf,0x3600000000000000000000000000000000000000,IN,6,USDC,2000,1905871435160000,ok,
0xc844d8f8db1e8af8f33f1c522d1a59589638444f989aa7e70d52444b71322fdd,39048727,2026-04-26 01:12:03.000000Z,0xB4a7e0F7513D460CA3e42d0C596DBb25992034D3,0xb365abd412744637AFba53FDf30De8DE875F6eBf,0x3600000000000000000000000000000000000000,IN,6,USDC,2000,1906271437560000,ok,
0xbecf0ab348a1c629c55705808f65ddd0030b501c51e4fedd6ae27653f9a0d3b4,39048729,2026-04-26 01:12:04.000000Z,0xB4a7e0F7513D460CA3e42d0C596DBb25992034D3,0xb365abd412744637AFba53FDf30De8DE875F6eBf,0x3600000000000000000000000000000000000000,IN,6,USDC,3000,1906271437560000,ok,
0xaa793029c30686c351c30ff055a4f62454a32c64de77204989e20abc36501152,39048732,2026-04-26 01:12:06.000000Z,0xB4a7e0F7513D460CA3e42d0C596DBb25992034D3,0xb365abd412744637AFba53FDf30De8DE875F6eBf,0x3600000000000000000000000000000000000000,IN,6,USDC,3000,1906271437560000,ok,
0xdcdcc3198b17eea0f564a0be25529a4cecc1fe43a66869fe9151ee377589f064,39048742,2026-04-26 01:12:11.000000Z,0xB4a7e0F7513D460CA3e42d0C596DBb25992034D3,0xb365abd412744637AFba53FDf30De8DE875F6eBf,0x3600000000000000000000000000000000000000,IN,6,USDC,2000,1906031436120000,ok,
0x9e4ed0f55d7b179683d519429fd9419058c43e88280f82c3d268ce11806b5131,39048744,2026-04-26 01:12:12.000000Z,0xB4a7e0F7513D460CA3e42d0C596DBb25992034D3,0xb365abd412744637AFba53FDf30De8DE875F6eBf,0x3600000000000000000000000000000000000000,IN,6,USDC,2000,1906031436120000,ok,
0xeb86e77e8ad083d871b2f6b442c36059a792d5f072c0b5e19505987d6b184440,39048747,2026-04-26 01:12:14.000000Z,0xB4a7e0F7513D460CA3e42d0C596DBb25992034D3,0xb365abd412744637AFba53FDf30De8DE875F6eBf,0x3600000000000000000000000000000000000000,IN,6,USDC,2000,1906271437560000,ok,
0xaf8ddb665c8d9621507d914c10a6d28380d633c2aeb8dabcee4d40bebfbd484c,39048749,2026-04-26 01:12:15.000000Z,0xB4a7e0F7513D460CA3e42d0C596DBb25992034D3,0xb365abd412744637AFba53FDf30De8DE875F6eBf,0x3600000000000000000000000000000000000000,IN,6,USDC,2000,1906271437560000,ok,
0x5d46c3a7ca41ca660917d1ae4702724de81ee8796ca66fd260842262834f7428,39048752,2026-04-26 01:12:16.000000Z,0xB4a7e0F7513D460CA3e42d0C596DBb25992034D3,0xb365abd412744637AFba53FDf30De8DE875F6eBf,0x3600000000000000000000000000000000000000,IN,6,USDC,3000,1905631433720000,ok,
0xe76048f9c5acb830b9fc95f535d182861cc48db004ce19fb139dadbe6d2004dc,39048755,2026-04-26 01:12:18.000000Z,0xB4a7e0F7513D460CA3e42d0C596DBb25992034D3,0xb365abd412744637AFba53FDf30De8DE875F6eBf,0x3600000000000000000000000000000000000000,IN,6,USDC,3000,1906031436120000,ok,
0xa6dc07e766c15fc93522e9a318d4f1f8937bda09b332afbc1b9e83f9644c37ee,39048758,2026-04-26 01:12:19.000000Z,0xB4a7e0F7513D460CA3e42d0C596DBb25992034D3,0xb365abd412744637AFba53FDf30De8DE875F6eBf,0x3600000000000000000000000000000000000000,IN,6,USDC,1000,1906271437560000,ok,
0x1f7f7912fdfad43952d3dd96603a7e0d7ad5057292266ede373b73565628d007,39048761,2026-04-26 01:12:21.000000Z,0xB4a7e0F7513D460CA3e42d0C596DBb25992034D3,0xb365abd412744637AFba53FDf30De8DE875F6eBf,0x3600000000000000000000000000000000000000,IN,6,USDC,5000,1906271437560000,ok,
0xa6f05701fad83d52c08e75b625a71f821fbdbd73b10e51ff3a916a7ce14b44e7,39048764,2026-04-26 01:12:22.000000Z,0xB4a7e0F7513D460CA3e42d0C596DBb25992034D3,0xb365abd412744637AFba53FDf30De8DE875F6eBf,0x3600000000000000000000000000000000000000,IN,6,USDC,6000,1905871435160000,ok,
0xe124a80072ab2481045dac57d51c8e46f1d57877e893713afc024ac69ffbdf76,39048768,2026-04-26 01:12:24.000000Z,0xB4a7e0F7513D460CA3e42d0C596DBb25992034D3,0xb365abd412744637AFba53FDf30De8DE875F6eBf,0x3600000000000000000000000000000000000000,IN,6,USDC,5000,1905871435160000,ok,
0xf908067ce998d29611da990148ccc8a40556d7d5bbb11858f35cc6225e3894f1,39048771,2026-04-26 01:12:26.000000Z,0xB4a7e0F7513D460CA3e42d0C596DBb25992034D3,0xb365abd412744637AFba53FDf30De8DE875F6eBf,0x3600000000000000000000000000000000000000,IN,6,USDC,5000,1905871435160000,ok,
0x3edbb81cc71b9d31fc902bade6786ef6c01ac34cfa61fea3b95e83e56daf56a5,39048780,2026-04-26 01:12:30.000000Z,0xB4a7e0F7513D460CA3e42d0C596DBb25992034D3,0xb365abd412744637AFba53FDf30De8DE875F6eBf,0x3600000000000000000000000000000000000000,IN,6,USDC,2000,1906271437560000,ok,
0x486b4725c087c4d7f17d14ff494f6ed4dc9ef18f212dfa85f854631329f578ca,39048784,2026-04-26 01:12:32.000000Z,0xB4a7e0F7513D460CA3e42d0C596DBb25992034D3,0xb365abd412744637AFba53FDf30De8DE875F6eBf,0x3600000000000000000000000000000000000000,IN,6,USDC,2000,1906271437560000,ok,
0xc1f8cf7d40685a5efbb6aa5b9c99e5460d8132bc79f830074aa410d3c811963c,39048787,2026-04-26 01:12:34.000000Z,0xB4a7e0F7513D460CA3e42d0C596DBb25992034D3,0xb365abd412744637AFba53FDf30De8DE875F6eBf,0x3600000000000000000000000000000000000000,IN,6,USDC,2000,1905391432280000,ok,
0x29c7c659bd882a9e15809937abd203ee7f24bac5f9e017356daff927e559ab46,39048790,2026-04-26 01:12:35.000000Z,0xB4a7e0F7513D460CA3e42d0C596DBb25992034D3,0xb365abd412744637AFba53FDf30De8DE875F6eBf,0x3600000000000000000000000000000000000000,IN,6,USDC,2000,1906271437560000,ok,
0x8b296985301693c391094b37fe75c59b70071d8b775005670e8157b02586a86c,39048792,2026-04-26 01:12:36.000000Z,0xB4a7e0F7513D460CA3e42d0C596DBb25992034D3,0xb365abd412744637AFba53FDf30De8DE875F6eBf,0x3600000000000000000000000000000000000000,IN,6,USDC,3000,1906271437560000,ok,
0x4aa30aae599acc979e050094b97e2aabee5f9d452ca257285f9cf5b75412d773,39048794,2026-04-26 01:12:38.000000Z,0xB4a7e0F7513D460CA3e42d0C596DBb25992034D3,0xb365abd412744637AFba53FDf30De8DE875F6eBf,0x3600000000000000000000000000000000000000,IN,6,USDC,3000,1906271437560000,ok,
0x9b2207237b4eafea67b0fdd017b49a06ca49da44a1dceb68329e83dd6d1bdd1c,39048797,2026-04-26 01:12:39.000000Z,0xB4a7e0F7513D460CA3e42d0C596DBb25992034D3,0xb365abd412744637AFba53FDf30De8DE875F6eBf,0x3600000000000000000000000000000000000000,IN,6,USDC,1000,1905631433720000,ok,
0xd045c1ca9f3cb1cd8a3a8a71bd133ee4ef6bdefc0b7f2bfe4b63ec5384f60096,39048800,2026-04-26 01:12:40.000000Z,0xB4a7e0F7513D460CA3e42d0C596DBb25992034D3,0xb365abd412744637AFba53FDf30De8DE875F6eBf,0x3600000000000000000000000000000000000000,IN,6,USDC,5000,1905631433720000,ok,
0x0f8d29919221e3f1c7e6b91194d96388a17894b5cd4915bae88ef112a627e486,39048803,2026-04-26 01:12:42.000000Z,0xB4a7e0F7513D460CA3e42d0C596DBb25992034D3,0xb365abd412744637AFba53FDf30De8DE875F6eBf,0x3600000000000000000000000000000000000000,IN,6,USDC,5000,1905871435160000,ok,
0x7f6b014ff54a02e6e2438e1805bf54be1d49ab2245ca2677acd27c0dcc1d4166,39048813,2026-04-26 01:12:47.000000Z,0xB4a7e0F7513D460CA3e42d0C596DBb25992034D3,0xb365abd412744637AFba53FDf30De8DE875F6eBf,0x3600000000000000000000000000000000000000,IN,6,USDC,2000,1906271437560000,ok,
0x4a50b03f4a86c112c76dbc25fdf3d5bcc43dd1c3a88dc6bdfa5360a6f998896e,39048815,2026-04-26 01:12:48.000000Z,0xB4a7e0F7513D460CA3e42d0C596DBb25992034D3,0xb365abd412744637AFba53FDf30De8DE875F6eBf,0x3600000000000000000000000000000000000000,IN,6,USDC,2000,1906031436120000,ok,
0xd341da19bd3acd6c8f62735183eed7efd658541a2f0fd28a4792f9f5a5b20fa8,39048818,2026-04-26 01:12:49.000000Z,0xB4a7e0F7513D460CA3e42d0C596DBb25992034D3,0xb365abd412744637AFba53FDf30De8DE875F6eBf,0x3600000000000000000000000000000000000000,IN,6,USDC,3000,1906271437560000,ok,
0x209a47e11980eefa08edc189c124404958adc1775929ff1b1eb5ca78fdf5637c,39048827,2026-04-26 01:12:54.000000Z,0xB4a7e0F7513D460CA3e42d0C596DBb25992034D3,0xb365abd412744637AFba53FDf30De8DE875F6eBf,0x3600000000000000000000000000000000000000,IN,6,USDC,2000,1905871435160000,ok,
0xc44724c8395a0d42b78ff48c6703615f2139082194fc50be701d4db198fb9bc2,39048829,2026-04-26 01:12:55.000000Z,0xB4a7e0F7513D460CA3e42d0C596DBb25992034D3,0xb365abd412744637AFba53FDf30De8DE875F6eBf,0x3600000000000000000000000000000000000000,IN,6,USDC,2000,1905871435160000,ok,
0xd5a0911847fd2e7de8351a1a0fc97310c367140163ac638a6b27f13e13a5f726,39048832,2026-04-26 01:12:56.000000Z,0xB4a7e0F7513D460CA3e42d0C596DBb25992034D3,0xb365abd412744637AFba53FDf30De8DE875F6eBf,0x3600000000000000000000000000000000000000,IN,6,USDC,3000,1905871435160000,ok,
0xb91127280da9297a838fdcf82e2e7f75990b431c2225099eefbd08dda0cce583,39048834,2026-04-26 01:12:58.000000Z,0xB4a7e0F7513D460CA3e42d0C596DBb25992034D3,0xb365abd412744637AFba53FDf30De8DE875F6eBf,0x3600000000000000000000000000000000000000,IN,6,USDC,1000,1906031436120000,ok,
0x0bbbe5c7499a15fc2ea2182115c42e90136ffcd67b9de01f60b1cdb08aca9ed5,39048844,2026-04-26 01:13:03.000000Z,0xB4a7e0F7513D460CA3e42d0C596DBb25992034D3,0xb365abd412744637AFba53FDf30De8DE875F6eBf,0x3600000000000000000000000000000000000000,IN,6,USDC,2000,1906031436120000,ok,
0xb87d2c97ddcba9dc5c67b75dbdd52c47f39b8d449c6c7587c5a98f1dbe8227b6,39048848,2026-04-26 01:13:05.000000Z,0xB4a7e0F7513D460CA3e42d0C596DBb25992034D3,0xb365abd412744637AFba53FDf30De8DE875F6eBf,0x3600000000000000000000000000000000000000,IN,6,USDC,2000,1905871435160000,ok,
0x6e6ccd77be81409c442430879b0e849a461431bb7b7b5ca0683c1e6b3281c5f8,39048851,2026-04-26 01:13:06.000000Z,0xB4a7e0F7513D460CA3e42d0C596DBb25992034D3,0xb365abd412744637AFba53FDf30De8DE875F6eBf,0x3600000000000000000000000000000000000000,IN,6,USDC,3000,1905631433720000,ok,
0x8ba2fb1bb232d4e9d727e59d988701e2a3e1f7bb9b6d3a8a385664a00017b993,39048853,2026-04-26 01:13:08.000000Z,0xB4a7e0F7513D460CA3e42d0C596DBb25992034D3,0xb365abd412744637AFba53FDf30De8DE875F6eBf,0x3600000000000000000000000000000000000000,IN,6,USDC,7000,1906271437560000,ok,
0xd0889fec52c66ab39383e2da412cc2c21aafe650eeffa887e531c194befb4be6,39048864,2026-04-26 01:13:13.000000Z,0xB4a7e0F7513D460CA3e42d0C596DBb25992034D3,0xb365abd412744637AFba53FDf30De8DE875F6eBf,0x3600000000000000000000000000000000000000,IN,6,USDC,2000,1905871435160000,ok,
0x24320d717213ad7c8dc524a2c8643d3bcfd9a0d22a5c868f0670c4ddb71f865d,39048867,2026-04-26 01:13:15.000000Z,0xB4a7e0F7513D460CA3e42d0C596DBb25992034D3,0xb365abd412744637AFba53FDf30De8DE875F6eBf,0x3600000000000000000000000000000000000000,IN,6,USDC,2000,1905871435160000,ok,
0x89cde5b75bf8d1f0590812a57c9cb63099f1b9b2842f1a430ca035801f260025,39048869,2026-04-26 01:13:16.000000Z,0xB4a7e0F7513D460CA3e42d0C596DBb25992034D3,0xb365abd412744637AFba53FDf30De8DE875F6eBf,0x3600000000000000000000000000000000000000,IN,6,USDC,3000,1905631433720000,ok,
0xa4ebcfd55e558b23a34da6907150ebd452ffae0d9a7f8983cd97135508eac151,39048879,2026-04-26 01:13:21.000000Z,0xB4a7e0F7513D460CA3e42d0C596DBb25992034D3,0xb365abd412744637AFba53FDf30De8DE875F6eBf,0x3600000000000000000000000000000000000000,IN,6,USDC,2000,1906031436120000,ok,
0xff84aaed96fcb95d64200a8b4cb8032e64bc3c3e448c0967baba30d103a3b021,39048882,2026-04-26 01:13:22.000000Z,0xB4a7e0F7513D460CA3e42d0C596DBb25992034D3,0xb365abd412744637AFba53FDf30De8DE875F6eBf,0x3600000000000000000000000000000000000000,IN,6,USDC,2000,1905871435160000,ok,
0xed0bcf1b1918e513705ec75ee5efef724ddd09eda127a87bbee1a5bd31428d9b,39048884,2026-04-26 01:13:23.000000Z,0xB4a7e0F7513D460CA3e42d0C596DBb25992034D3,0xb365abd412744637AFba53FDf30De8DE875F6eBf,0x3600000000000000000000000000000000000000,IN,6,USDC,3000,1906271437560000,ok,
0xe114608d9438a7fa2ddcd0b5db6bf73b51ce66838f11f7d24ad0cdab3d01a2aa,39048887,2026-04-26 01:13:25.000000Z,0xB4a7e0F7513D460CA3e42d0C596DBb25992034D3,0xb365abd412744637AFba53FDf30De8DE875F6eBf,0x3600000000000000000000000000000000000000,IN,6,USDC,1000,1906271437560000,ok,
0x11073ad4de4e5b6e5ff4a2e0818ed7d7607e6d55e0d90f0fb0151df8937177c6,39048890,2026-04-26 01:13:26.000000Z,0xB4a7e0F7513D460CA3e42d0C596DBb25992034D3,0xb365abd412744637AFba53FDf30De8DE875F6eBf,0x3600000000000000000000000000000000000000,IN,6,USDC,5000,1906271437560000,ok,
0xa5e848b96a54a7d908b2c5e4f6be024a03637b61dca19241ea6c85bf832f040f,39048894,2026-04-26 01:13:28.000000Z,0xB4a7e0F7513D460CA3e42d0C596DBb25992034D3,0xb365abd412744637AFba53FDf30De8DE875F6eBf,0x3600000000000000000000000000000000000000,IN,6,USDC,5000,1906031436120000,ok,
0x808834c63ecf70afafc5423fe7bcaea802d48371fb12fc17df6c49ba82c2ab5b,39048897,2026-04-26 01:13:30.000000Z,0xB4a7e0F7513D460CA3e42d0C596DBb25992034D3,0xb365abd412744637AFba53FDf30De8DE875F6eBf,0x3600000000000000000000000000000000000000,IN,6,USDC,5000,1906271437560000,ok,
0xa37e142cad9f14556df675aaf4903e5377b964725a47bf9db94851ef87847043,39048901,2026-04-26 01:13:32.000000Z,0xB4a7e0F7513D460CA3e42d0C596DBb25992034D3,0xb365abd412744637AFba53FDf30De8DE875F6eBf,0x3600000000000000000000000000000000000000,IN,6,USDC,6000,1905631433720000,ok,
0xde7ee8b2d6162710fdbb3b7f894611f067b8335d8932a2f771162e8a0c71026d,39048912,2026-04-26 01:13:37.000000Z,0xB4a7e0F7513D460CA3e42d0C596DBb25992034D3,0xb365abd412744637AFba53FDf30De8DE875F6eBf,0x3600000000000000000000000000000000000000,IN,6,USDC,2000,1905631433720000,ok,
0xab4491eeb3c1e89048d30b16af6e96ea322abcc276ccbcce3c4cc0c02eebd80b,39048915,2026-04-26 01:13:39.000000Z,0xB4a7e0F7513D460CA3e42d0C596DBb25992034D3,0xb365abd412744637AFba53FDf30De8DE875F6eBf,0x3600000000000000000000000000000000000000,IN,6,USDC,2000,1905791434680000,ok,
0x0e8416a71f12b6e4cb390dfec4bca324d3bb7cd497d97a43b289c03aae3fa12e,39048918,2026-04-26 01:13:40.000000Z,0xB4a7e0F7513D460CA3e42d0C596DBb25992034D3,0xb365abd412744637AFba53FDf30De8DE875F6eBf,0x3600000000000000000000000000000000000000,IN,6,USDC,3000,1905791434680000,ok,
0x569042cb1827cb2e5445523fcadda7d4b5169b44ef42ff7904d0317f2b926327,39048928,2026-04-26 01:13:46.000000Z,0xB4a7e0F7513D460CA3e42d0C596DBb25992034D3,0xb365abd412744637AFba53FDf30De8DE875F6eBf,0x3600000000000000000000000000000000000000,IN,6,USDC,2000,1905871435160000,ok,
0x5d4d8428b3c1b3166da32f299253535c1ecbcb546183e319b5709bfd2416ab24,39048931,2026-04-26 01:13:47.000000Z,0xB4a7e0F7513D460CA3e42d0C596DBb25992034D3,0xb365abd412744637AFba53FDf30De8DE875F6eBf,0x3600000000000000000000000000000000000000,IN,6,USDC,2000,1905871435160000,ok,
0xcbaa281fe35b7d6f6e0001081b26775428c9103b5fef8af05702aefd32c5e1cb,39048934,2026-04-26 01:13:49.000000Z,0xB4a7e0F7513D460CA3e42d0C596DBb25992034D3,0xb365abd412744637AFba53FDf30De8DE875F6eBf,0x3600000000000000000000000000000000000000,IN,6,USDC,3000,1906031436120000,ok,
0x3da7a6f439fd14b355c9522227e6022dd34db9c8a8c68b44d459afc498bf6e9e,39048944,2026-04-26 01:13:54.000000Z,0xB4a7e0F7513D460CA3e42d0C596DBb25992034D3,0xb365abd412744637AFba53FDf30De8DE875F6eBf,0x3600000000000000000000000000000000000000,IN,6,USDC,2000,1905871435160000,ok,
0x9025e410754dc46a6207e55859ca9bcd319ed5a095ffc83048a9bac20ec91e97,39048947,2026-04-26 01:13:55.000000Z,0xB4a7e0F7513D460CA3e42d0C596DBb25992034D3,0xb365abd412744637AFba53FDf30De8DE875F6eBf,0x3600000000000000000000000000000000000000,IN,6,USDC,2000,1905871435160000,ok,
0xecb5d8e4f3e16bc962cf44de7bef53bec3d766856ad3f8455acb907a740cd262,39048949,2026-04-26 01:13:56.000000Z,0xB4a7e0F7513D460CA3e42d0C596DBb25992034D3,0xb365abd412744637AFba53FDf30De8DE875F6eBf,0x3600000000000000000000000000000000000000,IN,6,USDC,3000,1906031436120000,ok,
0xfa3fd3dd2de61876bf4c7d4921314d1d3a18f87b981720afc21a10599436e132,39048952,2026-04-26 01:13:57.000000Z,0xB4a7e0F7513D460CA3e42d0C596DBb25992034D3,0xb365abd412744637AFba53FDf30De8DE875F6eBf,0x3600000000000000000000000000000000000000,IN,6,USDC,1000,1905871435160000,ok,
0x14de2edd47e3ba12144efcf8e4e3abef343a1925650fc48a3c6610f33ee6c129,39048962,2026-04-26 01:14:03.000000Z,0xB4a7e0F7513D460CA3e42d0C596DBb25992034D3,0xb365abd412744637AFba53FDf30De8DE875F6eBf,0x3600000000000000000000000000000000000000,IN,6,USDC,2000,1906271437560000,ok,
0xb847b4c0115f280b435d6cda0ea2e7c0fb97ef382fbd87dbd2fb4c6d1046bbb7,39048964,2026-04-26 01:14:04.000000Z,0xB4a7e0F7513D460CA3e42d0C596DBb25992034D3,0xb365abd412744637AFba53FDf30De8DE875F6eBf,0x3600000000000000000000000000000000000000,IN,6,USDC,2000,1906271437560000,ok,
0x7b78d05698366330603785613c318d987b5d90ce8e7620defe3f3c71f8932815,39048967,2026-04-26 01:14:05.000000Z,0xB4a7e0F7513D460CA3e42d0C596DBb25992034D3,0xb365abd412744637AFba53FDf30De8DE875F6eBf,0x3600000000000000000000000000000000000000,IN,6,USDC,3000,1906031436120000,ok,
0xc70df511aa424d2d8cad03c3c70e71902913ff1fd91ffb00e6e8bc2e60f5facf,39048976,2026-04-26 01:14:10.000000Z,0xB4a7e0F7513D460CA3e42d0C596DBb25992034D3,0xb365abd412744637AFba53FDf30De8DE875F6eBf,0x3600000000000000000000000000000000000000,IN,6,USDC,2000,1906271437560000,ok,
0x07b993148ceaf2a45ddebf9586622735df2a869ef6b5b77cb3e327b89cee5d66,39048979,2026-04-26 01:14:11.000000Z,0xB4a7e0F7513D460CA3e42d0C596DBb25992034D3,0xb365abd412744637AFba53FDf30De8DE875F6eBf,0x3600000000000000000000000000000000000000,IN,6,USDC,2000,1905631433720000,ok,
0x946898beef4b7198560c3e04cc32888fdd26c6ae4e37c61c6245bbb25c184a97,39048983,2026-04-26 01:14:13.000000Z,0xB4a7e0F7513D460CA3e42d0C596DBb25992034D3,0xb365abd412744637AFba53FDf30De8DE875F6eBf,0x3600000000000000000000000000000000000000,IN,6,USDC,3000,1905871435160000,ok,
0xfe8c5cbb7f9132dd4c14c3c2d0b01891a91546feb136be433f02838261d00e7e,39048985,2026-04-26 01:14:14.000000Z,0xB4a7e0F7513D460CA3e42d0C596DBb25992034D3,0xb365abd412744637AFba53FDf30De8DE875F6eBf,0x3600000000000000000000000000000000000000,IN,6,USDC,5000,1905631433720000,ok,
0x4a35048c6c92b1110b4f5025a07909173d84ab1ad0b83b474e74c89f319c01ce,39048988,2026-04-26 01:14:16.000000Z,0xB4a7e0F7513D460CA3e42d0C596DBb25992034D3,0xb365abd412744637AFba53FDf30De8DE875F6eBf,0x3600000000000000000000000000000000000000,IN,6,USDC,5000,1906031436120000,ok,
0x9b294a47725bb354ac13ec59c77691efce82a025c370c5544f86f656afdb9814,39048991,2026-04-26 01:14:18.000000Z,0xB4a7e0F7513D460CA3e42d0C596DBb25992034D3,0xb365abd412744637AFba53FDf30De8DE875F6eBf,0x3600000000000000000000000000000000000000,IN,6,USDC,7000,1905871435160000,ok,
0x8d0b1b969459a12de0392f115477b119d4bdd785fcdad3dec2dd5387c02189de,39049002,2026-04-26 01:14:23.000000Z,0xB4a7e0F7513D460CA3e42d0C596DBb25992034D3,0xb365abd412744637AFba53FDf30De8DE875F6eBf,0x3600000000000000000000000000000000000000,IN,6,USDC,2000,1906271437560000,ok,
0x479c3412184a60c90da55f1a014196f6273b33ddab7a76b43ad12fb25525d30c,39049004,2026-04-26 01:14:24.000000Z,0xB4a7e0F7513D460CA3e42d0C596DBb25992034D3,0xb365abd412744637AFba53FDf30De8DE875F6eBf,0x3600000000000000000000000000000000000000,IN,6,USDC,2000,1905871435160000,ok,
0x558433ccf729a4b9385baea6cd0ac3d2f32f70924ff8b8dbee4acc704fed14dd,39049007,2026-04-26 01:14:25.000000Z,0xB4a7e0F7513D460CA3e42d0C596DBb25992034D3,0xb365abd412744637AFba53FDf30De8DE875F6eBf,0x3600000000000000000000000000000000000000,IN,6,USDC,3000,1906271437560000,ok,
0xd48fc774c27a71997b39cafbbcc47d752d12965130d294e3ccbf946688a3c1fb,39049009,2026-04-26 01:14:27.000000Z,0xB4a7e0F7513D460CA3e42d0C596DBb25992034D3,0xb365abd412744637AFba53FDf30De8DE875F6eBf,0x3600000000000000000000000000000000000000,IN,6,USDC,1000,1905871435160000,ok,
0x286d35ef8371e8c1a6f21f86b7f6901e5bea0e8627bfeb6fde60fb93ff0bc2c7,39049013,2026-04-26 01:14:28.000000Z,0xB4a7e0F7513D460CA3e42d0C596DBb25992034D3,0xb365abd412744637AFba53FDf30De8DE875F6eBf,0x3600000000000000000000000000000000000000,IN,6,USDC,6000,1906031436120000,ok,
0xd06e0585ceda7522da67460dd1c80d2d04cb119bd24bccd5358288f4a3cc1253,39049024,2026-04-26 01:14:34.000000Z,0xB4a7e0F7513D460CA3e42d0C596DBb25992034D3,0xb365abd412744637AFba53FDf30De8DE875F6eBf,0x3600000000000000000000000000000000000000,IN,6,USDC,2000,1905871435160000,ok,
0x50ab60437fc5a21e8edcfb8411f9e64ad67569615d4befa00bdc166c257ffba8,39049027,2026-04-26 01:14:36.000000Z,0xB4a7e0F7513D460CA3e42d0C596DBb25992034D3,0xb365abd412744637AFba53FDf30De8DE875F6eBf,0x3600000000000000000000000000000000000000,IN,6,USDC,2000,1905631433720000,ok,
0xa1ee07f04070d5eb264f6704549cf44c694794b9f2e2a2445a357386f06d1f0a,39049029,2026-04-26 01:14:37.000000Z,0xB4a7e0F7513D460CA3e42d0C596DBb25992034D3,0xb365abd412744637AFba53FDf30De8DE875F6eBf,0x3600000000000000000000000000000000000000,IN,6,USDC,3000,1906271437560000,ok,
0x6a188f3da855bd0c7210c824ccdd00ff7044ea57aee33544e89f638781dcb76e,39049039,2026-04-26 01:14:42.000000Z,0xB4a7e0F7513D460CA3e42d0C596DBb25992034D3,0xb365abd412744637AFba53FDf30De8DE875F6eBf,0x3600000000000000000000000000000000000000,IN,6,USDC,2000,1905871435160000,ok,
0x268b5891da49f2793ea276afc8f1a627d53c384d3a914de8fa6e679c08569a34,39049043,2026-04-26 01:14:44.000000Z,0xB4a7e0F7513D460CA3e42d0C596DBb25992034D3,0xb365abd412744637AFba53FDf30De8DE875F6eBf,0x3600000000000000000000000000000000000000,IN,6,USDC,2000,1905871435160000,ok,
0xc2c8ef293894d67cae1e91dcb1811928dbaa5b61506166697abe79ef22db8e4d,39049046,2026-04-26 01:14:45.000000Z,0xB4a7e0F7513D460CA3e42d0C596DBb25992034D3,0xb365abd412744637AFba53FDf30De8DE875F6eBf,0x3600000000000000000000000000000000000000,IN,6,USDC,3000,1906271437560000,ok,
0xac8e8d3f3c79e330dacea21b2cb496dc5f0b0084dcae084d9fbe9080e2d0eca8,39049055,2026-04-26 01:14:50.000000Z,0xB4a7e0F7513D460CA3e42d0C596DBb25992034D3,0xb365abd412744637AFba53FDf30De8DE875F6eBf,0x3600000000000000000000000000000000000000,IN,6,USDC,2000,1906271437560000,ok,
0x2a510bedb02e6ec54c50a319314417c37d61aaff6d375b9ae85886833a8ed00c,39049058,2026-04-26 01:14:51.000000Z,0xB4a7e0F7513D460CA3e42d0C596DBb25992034D3,0xb365abd412744637AFba53FDf30De8DE875F6eBf,0x3600000000000000000000000000000000000000,IN,6,USDC,2000,1906271437560000,ok,
0x77af642c9cb0d66f47547076e9d2332aab4062fc64f011c1486f44a53275d0b0,39049060,2026-04-26 01:14:53.000000Z,0xB4a7e0F7513D460CA3e42d0C596DBb25992034D3,0xb365abd412744637AFba53FDf30De8DE875F6eBf,0x3600000000000000000000000000000000000000,IN,6,USDC,3000,1906271437560000,ok,
0xad86edfe8b2362a0f6a263bab37b20fbc0d31b1a44c9c9041ac5bebd0333398d,39049063,2026-04-26 01:14:54.000000Z,0xB4a7e0F7513D460CA3e42d0C596DBb25992034D3,0xb365abd412744637AFba53FDf30De8DE875F6eBf,0x3600000000000000000000000000000000000000,IN,6,USDC,1000,1905631433720000,ok,
0x9f627ebf14b941ab70ab5159eb11740175883c344fc8d4f849f480eb91008ee8,39049074,2026-04-26 01:15:00.000000Z,0xB4a7e0F7513D460CA3e42d0C596DBb25992034D3,0xb365abd412744637AFba53FDf30De8DE875F6eBf,0x3600000000000000000000000000000000000000,IN,6,USDC,2000,1905391432280000,ok,
0x9105799398d4bc22890b2040c8880712d2e53f5c4ebf9411b8871e65fb185ba3,39049077,2026-04-26 01:15:01.000000Z,0xB4a7e0F7513D460CA3e42d0C596DBb25992034D3,0xb365abd412744637AFba53FDf30De8DE875F6eBf,0x3600000000000000000000000000000000000000,IN,6,USDC,2000,1906271437560000,ok,
0x74e3f7c1ec2fbed9a2338e86c54b683e101dd83523725bd09d844f55f6de01d6,39049080,2026-04-26 01:15:03.000000Z,0xB4a7e0F7513D460CA3e42d0C596DBb25992034D3,0xb365abd412744637AFba53FDf30De8DE875F6eBf,0x3600000000000000000000000000000000000000,IN,6,USDC,3000,1905871435160000,ok,
0x6cb7fe93a26ccbd555886e79a99424dfa2a579cc414d7c27ce53f2b73fe19e45,39049083,2026-04-26 01:15:04.000000Z,0xB4a7e0F7513D460CA3e42d0C596DBb25992034D3,0xb365abd412744637AFba53FDf30De8DE875F6eBf,0x3600000000000000000000000000000000000000,IN,6,USDC,5000,1905871435160000,ok,
0xbc329af97bf33cf1acc61331a0d87605f06b1c948429965ea5c3e5499e91b0ca,39049086,2026-04-26 01:15:06.000000Z,0xB4a7e0F7513D460CA3e42d0C596DBb25992034D3,0xb365abd412744637AFba53FDf30De8DE875F6eBf,0x3600000000000000000000000000000000000000,IN,6,USDC,5000,1906031436120000,ok,
0xa92f10e0a0d45fef047725c80448dd1c2345a1741d8187d4a42a4df5ca0d2c04,39049089,2026-04-26 01:15:07.000000Z,0xB4a7e0F7513D460CA3e42d0C596DBb25992034D3,0xb365abd412744637AFba53FDf30De8DE875F6eBf,0x3600000000000000000000000000000000000000,IN,6,USDC,5000,1905871435160000,ok,
0x3b4ec734cbf9940210a854025bd793a8a6fc95e706ca70b5b77b9ff4fd501d13,39049095,2026-04-26 01:15:11.000000Z,0xB4a7e0F7513D460CA3e42d0C596DBb25992034D3,0xb365abd412744637AFba53FDf30De8DE875F6eBf,0x3600000000000000000000000000000000000000,IN,6,USDC,2000,1906271437560000,ok,
0xc37bb57646173174acb6ba178c33c575a72adc6e34d168574638634e463ba5cf,39049098,2026-04-26 01:15:12.000000Z,0xB4a7e0F7513D460CA3e42d0C596DBb25992034D3,0xb365abd412744637AFba53FDf30De8DE875F6eBf,0x3600000000000000000000000000000000000000,IN,6,USDC,2000,1906271437560000,ok,
0x2d5f7f3687b034491130665f2a799284fd2a04715ff5e24ec55606ceef131ad9,39049102,2026-04-26 01:15:14.000000Z,0xB4a7e0F7513D460CA3e42d0C596DBb25992034D3,0xb365abd412744637AFba53FDf30De8DE875F6eBf,0x3600000000000000000000000000000000000000,IN,6,USDC,2000,1906271437560000,ok,
0x7c5cfe1842152567c9ef8ef5410946816145ec46c7ff6f0177d65aed330631d4,39049105,2026-04-26 01:15:15.000000Z,0xB4a7e0F7513D460CA3e42d0C596DBb25992034D3,0xb365abd412744637AFba53FDf30De8DE875F6eBf,0x3600000000000000000000000000000000000000,IN,6,USDC,2000,1906271437560000,ok,
0x9eb50fadce49728bed9ed0db10e04b17fb65de9b070680b999dbb7188a04d72f,39049108,2026-04-26 01:15:17.000000Z,0xB4a7e0F7513D460CA3e42d0C596DBb25992034D3,0xb365abd412744637AFba53FDf30De8DE875F6eBf,0x3600000000000000000000000000000000000000,IN,6,USDC,3000,1906031436120000,ok,
0x186cf1000795d923534615a67505a3933fa46b7986af29d00905ee77afbcdf9c,39049112,2026-04-26 01:15:19.000000Z,0xB4a7e0F7513D460CA3e42d0C596DBb25992034D3,0xb365abd412744637AFba53FDf30De8DE875F6eBf,0x3600000000000000000000000000000000000000,IN,6,USDC,2000,1906271437560000,ok,
0x22342650450edd6ce7dc800ffc1442c2f36407515d5b498b18b662324f44f3d7,39049114,2026-04-26 01:15:20.000000Z,0xB4a7e0F7513D460CA3e42d0C596DBb25992034D3,0xb365abd412744637AFba53FDf30De8DE875F6eBf,0x3600000000000000000000000000000000000000,IN,6,USDC,2000,1905871435160000,ok,
0xca9a9f32a32691fe84ca2ce63e7a52159943024ea6d06fee63e28e77a0d58666,39049118,2026-04-26 01:15:22.000000Z,0xB4a7e0F7513D460CA3e42d0C596DBb25992034D3,0xb365abd412744637AFba53FDf30De8DE875F6eBf,0x3600000000000000000000000000000000000000,IN,6,USDC,3000,1905791434680000,ok,
0xd9cd4f2f0ba1a36cc49c03894530885dac081b25d69f510d6c1cd99a438cdd71,39049120,2026-04-26 01:15:23.000000Z,0xB4a7e0F7513D460CA3e42d0C596DBb25992034D3,0xb365abd412744637AFba53FDf30De8DE875F6eBf,0x3600000000000000000000000000000000000000,IN,6,USDC,2000,1906271437560000,ok,
0x48bd5f4d4867d2c5b7bc7d68e8f0c42519ddba1e3a6b86a6b226e758697d30d8,39049122,2026-04-26 01:15:25.000000Z,0xB4a7e0F7513D460CA3e42d0C596DBb25992034D3,0xb365abd412744637AFba53FDf30De8DE875F6eBf,0x3600000000000000000000000000000000000000,IN,6,USDC,2000,1905871435160000,ok,
0x22178b2e592806efbace249e11ce6d3b48fef883d6ca61beee519ee87916916c,39049124,2026-04-26 01:15:26.000000Z,0xB4a7e0F7513D460CA3e42d0C596DBb25992034D3,0xb365abd412744637AFba53FDf30De8DE875F6eBf,0x3600000000000000000000000000000000000000,IN,6,USDC,3000,1906031436120000,ok,
0x9d8b84c5d52c65f0a08795d310c62c99b5ea71f393c0994182bc7197599288ea,39049126,2026-04-26 01:15:27.000000Z,0xB4a7e0F7513D460CA3e42d0C596DBb25992034D3,0xb365abd412744637AFba53FDf30De8DE875F6eBf,0x3600000000000000000000000000000000000000,IN,6,USDC,1000,1905631433720000,ok,
0x17d75f80a56e8b3be466c82b676ec6ff25c572d1aa994b5b1dad3aa5aa931420,39049130,2026-04-26 01:15:29.000000Z,0xB4a7e0F7513D460CA3e42d0C596DBb25992034D3,0xb365abd412744637AFba53FDf30De8DE875F6eBf,0x3600000000000000000000000000000000000000,IN,6,USDC,2000,1906271437560000,ok,
0x382d488fefd945e867e99e0bf1af1290d4e8cb959424c8295e107e84f6355ea2,39049133,2026-04-26 01:15:30.000000Z,0xB4a7e0F7513D460CA3e42d0C596DBb25992034D3,0xb365abd412744637AFba53FDf30De8DE875F6eBf,0x3600000000000000000000000000000000000000,IN,6,USDC,7000,1905871435160000,ok,
0xe07683cc1887b5878ff8cc44b2c845627993cd756a4f5e7f0e1b8aad7cb8d2cf,39049137,2026-04-26 01:15:32.000000Z,0xB4a7e0F7513D460CA3e42d0C596DBb25992034D3,0xb365abd412744637AFba53FDf30De8DE875F6eBf,0x3600000000000000000000000000000000000000,IN,6,USDC,2000,1905871435160000,ok,
0xf6fda1c106f8b19c49bc8528167477b0bdf58e69439fe97ccb964a9a2df7750a,39049140,2026-04-26 01:15:34.000000Z,0xB4a7e0F7513D460CA3e42d0C596DBb25992034D3,0xb365abd412744637AFba53FDf30De8DE875F6eBf,0x3600000000000000000000000000000000000000,IN,6,USDC,3000,1905871435160000,ok,
0xee7bd2a6d27beb052fc4eea39bc3b80c7228f01aec6b17c0f0ce76f747d0e562,39049144,2026-04-26 01:15:36.000000Z,0xB4a7e0F7513D460CA3e42d0C596DBb25992034D3,0xb365abd412744637AFba53FDf30De8DE875F6eBf,0x3600000000000000000000000000000000000000,IN,6,USDC,1000,1905871435160000,ok,
0x79f6c06d7665fc39275659fccf08d71214c72d8c8fda0c8c5987d477e294ab23,39049149,2026-04-26 01:15:38.000000Z,0xB4a7e0F7513D460CA3e42d0C596DBb25992034D3,0xb365abd412744637AFba53FDf30De8DE875F6eBf,0x3600000000000000000000000000000000000000,IN,6,USDC,2000,1906271437560000,ok,
0xe8bf6e12e466acec8e7861c82224772797b7e781aebcb066a0362e0b949a3a6d,39049152,2026-04-26 01:15:40.000000Z,0xB4a7e0F7513D460CA3e42d0C596DBb25992034D3,0xb365abd412744637AFba53FDf30De8DE875F6eBf,0x3600000000000000000000000000000000000000,IN,6,USDC,2000,1906031436120000,ok,
0x5ee481255a3a175a7eb6e131ad7ffc1136d3508b61854d67f48777c406d6ab6b,39049154,2026-04-26 01:15:41.000000Z,0xB4a7e0F7513D460CA3e42d0C596DBb25992034D3,0xb365abd412744637AFba53FDf30De8DE875F6eBf,0x3600000000000000000000000000000000000000,IN,6,USDC,3000,1906271437560000,ok,
0xfdd4a18a8d9ba0efef982c8fe826083fe8c56bbd5f8c84cbf78e67a242696cf6,39049159,2026-04-26 01:15:43.000000Z,0xB4a7e0F7513D460CA3e42d0C596DBb25992034D3,0xb365abd412744637AFba53FDf30De8DE875F6eBf,0x3600000000000000000000000000000000000000,IN,6,USDC,2000,1905871435160000,ok,
0xeef1ad975db340bd0adb0d7e1693f99bae7fc30a101083e975fc0baeca0d10b9,39049162,2026-04-26 01:15:45.000000Z,0xB4a7e0F7513D460CA3e42d0C596DBb25992034D3,0xb365abd412744637AFba53FDf30De8DE875F6eBf,0x3600000000000000000000000000000000000000,IN,6,USDC,2000,1906271437560000,ok,
0x7dc8759be6a9628bfec9f993d3a1274700a275500fea591194f42a7a92e1785b,39049165,2026-04-26 01:15:46.000000Z,0xB4a7e0F7513D460CA3e42d0C596DBb25992034D3,0xb365abd412744637AFba53FDf30De8DE875F6eBf,0x3600000000000000000000000000000000000000,IN,6,USDC,2000,1906031436120000,ok,
0x2570cdb171236a568f13be9f9dd991aae51bd004be25ed14889dbc37e5785f1c,39049168,2026-04-26 01:15:48.000000Z,0xB4a7e0F7513D460CA3e42d0C596DBb25992034D3,0xb365abd412744637AFba53FDf30De8DE875F6eBf,0x3600000000000000000000000000000000000000,IN,6,USDC,3000,1905871435160000,ok,
0xf833ac034d3e1bff58a2da327b1efbe79fbe27a580cbaa71bfc2af3e6a3c98b5,39049171,2026-04-26 01:15:49.000000Z,0xB4a7e0F7513D460CA3e42d0C596DBb25992034D3,0xb365abd412744637AFba53FDf30De8DE875F6eBf,0x3600000000000000000000000000000000000000,IN,6,USDC,2000,1905871435160000,ok,
0x9312b8001dac9ebcebc988543916b1cc82c2155e11cf5830ee90703a923afa61,39049174,2026-04-26 01:15:51.000000Z,0xB4a7e0F7513D460CA3e42d0C596DBb25992034D3,0xb365abd412744637AFba53FDf30De8DE875F6eBf,0x3600000000000000000000000000000000000000,IN,6,USDC,3000,1906271437560000,ok,
0x44d9fa74dc1dca346b2e372ca0a4de25f7657fd2b0e445c6edcca7a30ace5ba0,39049180,2026-04-26 01:15:54.000000Z,0xB4a7e0F7513D460CA3e42d0C596DBb25992034D3,0xb365abd412744637AFba53FDf30De8DE875F6eBf,0x3600000000000000000000000000000000000000,IN,6,USDC,2000,1906271437560000,ok,
0xbdc2b437d0a952ed3e6e4002b9248b305cf204ca26b673504640da4d78274cc4,39049182,2026-04-26 01:15:55.000000Z,0xB4a7e0F7513D460CA3e42d0C596DBb25992034D3,0xb365abd412744637AFba53FDf30De8DE875F6eBf,0x3600000000000000000000000000000000000000,IN,6,USDC,2000,1905871435160000,ok,
0x096ea3a6ec45821db6703b88a51ac57232ed17a1e798e1e9e5acb1e5f48bad19,39049184,2026-04-26 01:15:56.000000Z,0xB4a7e0F7513D460CA3e42d0C596DBb25992034D3,0xb365abd412744637AFba53FDf30De8DE875F6eBf,0x3600000000000000000000000000000000000000,IN,6,USDC,2000,1905871435160000,ok,
0x63c5c81ac33fbc407220a2a1e117defc61173e1783892d82b437b8667eea4d31,39049187,2026-04-26 01:15:57.000000Z,0xB4a7e0F7513D460CA3e42d0C596DBb25992034D3,0xb365abd412744637AFba53FDf30De8DE875F6eBf,0x3600000000000000000000000000000000000000,IN,6,USDC,3000,1906271437560000,ok,
0xcd26be31d7b47ccc1626ab021ff6c40b3ebb127b233f518ffceadfb3cce9f2bc,39049190,2026-04-26 01:15:59.000000Z,0xB4a7e0F7513D460CA3e42d0C596DBb25992034D3,0xb365abd412744637AFba53FDf30De8DE875F6eBf,0x3600000000000000000000000000000000000000,IN,6,USDC,2000,1906271437560000,ok,
0xbc185b318f6b9ef63c0ba2f952309b778728be56e857988377625b44ccb4c480,39049193,2026-04-26 01:16:00.000000Z,0xB4a7e0F7513D460CA3e42d0C596DBb25992034D3,0xb365abd412744637AFba53FDf30De8DE875F6eBf,0x3600000000000000000000000000000000000000,IN,6,USDC,5000,1905871435160000,ok,
0x7cdcc82053968cf4b7167d8f1c933a0052c179a5681523e269e13b227cfab6cd,39049197,2026-04-26 01:16:02.000000Z,0xB4a7e0F7513D460CA3e42d0C596DBb25992034D3,0xb365abd412744637AFba53FDf30De8DE875F6eBf,0x3600000000000000000000000000000000000000,IN,6,USDC,3000,1905631433720000,ok,
0x2b615eb5e5e7bfdecd5d342eb8219451b42b5ae6a7ae580f6e54ec202d4fcc51,39049200,2026-04-26 01:16:04.000000Z,0xB4a7e0F7513D460CA3e42d0C596DBb25992034D3,0xb365abd412744637AFba53FDf30De8DE875F6eBf,0x3600000000000000000000000000000000000000,IN,6,USDC,1000,1906271437560000,ok,
0x2ef8a5acea828fcb94ff111c44d47abba1945aab82f7b9d3e0618c175e9c151a,39049204,2026-04-26 01:16:06.000000Z,0xB4a7e0F7513D460CA3e42d0C596DBb25992034D3,0xb365abd412744637AFba53FDf30De8DE875F6eBf,0x3600000000000000000000000000000000000000,IN,6,USDC,5000,1905631433720000,ok,
